{"stats":{"minecraft:killed_by":{"minecraft:player":3},"minecraft:picked_up":{"minecraft:raw_iron":1,"minecraft:stick":3,"minecraft:crafting_table":2,"minecraft:cooked_porkchop":1,"minecraft:leather_leggings":1,"minecraft:torch":60,"minecraft:wooden_pickaxe":4,"minecraft:oak_log":6,"minecraft:shield":4,"minecraft:dirt":3,"minecraft:cooked_mutton":3,"minecraft:stone_sword":4,"minecraft:wheat_seeds":2,"minecraft:cobbled_deepslate":6,"minecraft:iron_ingot":10,"minecraft:stone_pickaxe":2,"minecraft:iron_pickaxe":1,"minecraft:oak_planks":51,"minecraft:coal":64,"minecraft:cobblestone":32,"minecraft:furnace":2},"minecraft:mined":{"minecraft:furnace":1,"minecraft:iron_ore":1,"minecraft:cobbled_deepslate":6,"minecraft:crafting_table":1,"minecraft:short_grass":1,"minecraft:grass_block":1,"minecraft:oak_log":6,"minecraft:dirt":2,"minecraft:stone":27},"minecraft:crafted":{"minecraft:oak_planks":24,"minecraft:shield":1,"minecraft:crafting_table":1,"minecraft:stick":12,"minecraft:wooden_pickaxe":2,"minecraft:iron_ingot":1,"minecraft:stone_pickaxe":1,"minecraft:stone_sword":1,"minecraft:furnace":1},"minecraft:custom":{"minecraft:time_since_rest":5466,"minecraft:interact_with_furnace":3,"minecraft:sprint_one_cm":24644,"minecraft:damage_taken":1037,"minecraft:walk_one_cm":74492,"minecraft:damage_blocked_by_shield":717,"minecraft:damage_dealt":287,"minecraft:interact_with_crafting_table":8,"minecraft:fly_one_cm":31534,"minecraft:player_kills":2,"minecraft:open_chest":1,"minecraft:crouch_one_cm":6257,"minecraft:play_time":25075,"minecraft:deaths":3,"minecraft:sneak_time":1427,"minecraft:jump":279,"minecraft:leave_game":12,"minecraft:time_since_death":5021,"minecraft:total_world_time":25075,"minecraft:fall_one_cm":9342},"minecraft:used":{"minecraft:cooked_mutton":2,"minecraft:stone_sword":9,"minecraft:stone_pickaxe":25,"minecraft:shield":30,"minecraft:wooden_pickaxe":14,"minecraft:dirt":3,"minecraft:cobblestone":9,"minecraft:crafting_table":1,"minecraft:furnace":1,"minecraft:cobbled_deepslate":5}},"DataVersion":3953}