{"stats":{"minecraft:custom":{"minecraft:interact_with_furnace":50,"minecraft:mob_kills":8,"minecraft:interact_with_crafting_table":46,"minecraft:leave_game":11,"minecraft:time_since_death":117467,"minecraft:time_since_rest":117467,"minecraft:sprint_one_cm":94913,"minecraft:damage_taken":385,"minecraft:walk_one_cm":423387,"minecraft:drop":21,"minecraft:damage_dealt":596,"minecraft:fly_one_cm":78895,"minecraft:open_chest":21,"minecraft:crouch_one_cm":5152,"minecraft:play_time":117467,"minecraft:sneak_time":4083,"minecraft:jump":712,"minecraft:walk_on_water_one_cm":2133,"minecraft:interact_with_smoker":10,"minecraft:total_world_time":117467,"minecraft:fall_one_cm":15982},"minecraft:dropped":{"minecraft:wheat_seeds":6,"minecraft:feather":2,"minecraft:oak_planks":46,"minecraft:dirt":4,"minecraft:wooden_axe":1,"minecraft:white_wool":5},"minecraft:mined":{"minecraft:acacia_leaves":9,"minecraft:cobblestone_stairs":8,"minecraft:crafting_table":1,"minecraft:torch":1,"minecraft:short_grass":46,"minecraft:acacia_log":73,"minecraft:grass_block":70,"minecraft:cobblestone":6,"minecraft:wall_torch":2,"minecraft:stone_stairs":5,"minecraft:acacia_sapling":1,"minecraft:cobblestone_wall":2,"minecraft:oak_log":73,"minecraft:coal_ore":8,"minecraft:cobblestone_slab":8,"minecraft:dirt":69,"minecraft:stone":257,"minecraft:oak_leaves":13},"minecraft:crafted":{"minecraft:cooked_beef":3,"minecraft:oak_planks":148,"minecraft:smooth_stone":12,"minecraft:cobblestone_slab":6,"minecraft:crafting_table":2,"minecraft:wooden_pickaxe":1,"minecraft:cooked_chicken":2,"minecraft:furnace":3,"minecraft:cobblestone_stairs":24,"minecraft:stone":56,"minecraft:stone_axe":1,"minecraft:cooked_mutton":5,"minecraft:stone_stairs":12,"minecraft:stick":16,"minecraft:iron_ingot":1,"minecraft:stone_pickaxe":2,"minecraft:wooden_axe":1,"minecraft:cobblestone_wall":12,"minecraft:stone_sword":1,"minecraft:chest":2,"minecraft:acacia_planks":20,"minecraft:torch":8,"minecraft:smoker":1},"minecraft:used":{"minecraft:leather_leggings":1,"minecraft:stone_sword":31,"minecraft:cobblestone_stairs":32,"minecraft:stone_pickaxe":241,"minecraft:chest":2,"minecraft:wooden_pickaxe":60,"minecraft:stone":26,"minecraft:cobblestone_slab":15,"minecraft:torch":11,"minecraft:dirt":152,"minecraft:crafting_table":3,"minecraft:cobblestone_wall":14,"minecraft:stone_stairs":17,"minecraft:acacia_sapling":2,"minecraft:smoker":1,"minecraft:wooden_axe":37,"minecraft:leather_helmet":1,"minecraft:stone_axe":155,"minecraft:cobblestone":41,"minecraft:oak_sapling":1,"minecraft:furnace":2,"minecraft:cooked_porkchop":4},"minecraft:picked_up":{"minecraft:crafting_table":1,"minecraft:feather":2,"minecraft:chicken":2,"minecraft:leather_leggings":1,"minecraft:leather":2,"minecraft:oak_log":73,"minecraft:cobblestone_wall":2,"minecraft:cobblestone_stairs":8,"minecraft:dirt":175,"minecraft:stone_stairs":5,"minecraft:apple":1,"minecraft:wheat_seeds":6,"minecraft:beef":3,"minecraft:cobblestone_slab":9,"minecraft:acacia_sapling":2,"minecraft:raw_iron":1,"minecraft:cooked_porkchop":4,"minecraft:torch":3,"minecraft:acacia_log":73,"minecraft:leather_helmet":1,"minecraft:oak_sapling":1,"minecraft:mutton":5,"minecraft:coal":8,"minecraft:cobblestone":263,"minecraft:white_wool":5},"minecraft:killed":{"minecraft:sheep":5,"minecraft:chicken":2,"minecraft:cow":1},"minecraft:broken":{"minecraft:stone_pickaxe":1,"minecraft:stone_axe":1,"minecraft:wooden_pickaxe":1}},"DataVersion":3953}