{"stats":{"minecraft:custom":{"minecraft:jump":24,"minecraft:time_since_rest":4513,"minecraft:damage_taken":30,"minecraft:play_time":4513,"minecraft:crouch_one_cm":416,"minecraft:leave_game":3,"minecraft:sprint_one_cm":4479,"minecraft:time_since_death":4513,"minecraft:walk_one_cm":3826,"minecraft:sneak_time":217,"minecraft:total_world_time":4513,"minecraft:fall_one_cm":1366,"minecraft:fly_one_cm":4125},"minecraft:mined":{"minecraft:oak_log":1},"minecraft:picked_up":{"minecraft:oak_log":1}},"DataVersion":3953}