{"stats":{"minecraft:custom":{"minecraft:time_since_rest":37064,"minecraft:interact_with_furnace":6,"minecraft:sprint_one_cm":57530,"minecraft:damage_taken":70,"minecraft:walk_one_cm":77526,"minecraft:mob_kills":18,"minecraft:damage_dealt":1517,"minecraft:interact_with_crafting_table":7,"minecraft:fly_one_cm":25911,"minecraft:crouch_one_cm":165,"minecraft:play_time":37064,"minecraft:sneak_time":218,"minecraft:walk_under_water_one_cm":777,"minecraft:jump":274,"minecraft:leave_game":8,"minecraft:walk_on_water_one_cm":1028,"minecraft:time_since_death":37064,"minecraft:climb_one_cm":216,"minecraft:total_world_time":37064,"minecraft:fall_one_cm":4857},"minecraft:mined":{"minecraft:furnace":2,"minecraft:iron_ore":17,"minecraft:crafting_table":2,"minecraft:short_grass":1,"minecraft:coal_ore":37,"minecraft:oak_log":33,"minecraft:stone":74,"minecraft:oak_leaves":2},"minecraft:crafted":{"minecraft:cooked_beef":1,"minecraft:oak_planks":128,"minecraft:shield":1,"minecraft:crafting_table":1,"minecraft:stick":32,"minecraft:wooden_pickaxe":1,"minecraft:iron_ingot":5,"minecraft:stone_pickaxe":1,"minecraft:stone_sword":1,"minecraft:furnace":1,"minecraft:white_bed":1,"minecraft:torch":24,"minecraft:stone_axe":1,"minecraft:cooked_mutton":11},"minecraft:used":{"minecraft:oak_log":1,"minecraft:cooked_mutton":3,"minecraft:stone_sword":65,"minecraft:stone_pickaxe":71,"minecraft:wooden_pickaxe":59,"minecraft:stone_axe":2,"minecraft:cobblestone":19,"minecraft:crafting_table":2,"minecraft:furnace":2},"minecraft:picked_up":{"minecraft:crafting_table":2,"minecraft:raw_iron":16,"minecraft:leather":6,"minecraft:oak_log":33,"minecraft:wheat_seeds":1,"minecraft:beef":12,"minecraft:light_gray_wool":1,"minecraft:mutton":19,"minecraft:coal":33,"minecraft:white_wool":12,"minecraft:cobblestone":75,"minecraft:furnace":2},"minecraft:killed":{"minecraft:sheep":11,"minecraft:cow":5},"minecraft:broken":{"minecraft:wooden_pickaxe":1}},"DataVersion":3953}