{"stats":{"minecraft:broken":{"minecraft:wooden_pickaxe":1},"minecraft:custom":{"minecraft:time_since_rest":15398,"minecraft:sprint_one_cm":9756,"minecraft:play_time":15398,"minecraft:damage_taken":30,"minecraft:walk_one_cm":22871,"minecraft:jump":32,"minecraft:leave_game":6,"minecraft:time_since_death":15398,"minecraft:total_world_time":15398,"minecraft:interact_with_crafting_table":3,"minecraft:fall_one_cm":835,"minecraft:fly_one_cm":1582},"minecraft:crafted":{"minecraft:stone_sword":1,"minecraft:oak_planks":128,"minecraft:stone_axe":1,"minecraft:crafting_table":1,"minecraft:stick":32,"minecraft:wooden_pickaxe":1,"minecraft:stone_pickaxe":1},"minecraft:used":{"minecraft:oak_log":1,"minecraft:crafting_table":1,"minecraft:stone_pickaxe":42,"minecraft:wooden_pickaxe":59},"minecraft:mined":{"minecraft:short_grass":1,"minecraft:coal_ore":27,"minecraft:oak_log":33,"minecraft:iron_ore":5,"minecraft:stone":69,"minecraft:oak_leaves":2},"minecraft:picked_up":{"minecraft:raw_iron":5,"minecraft:wheat_seeds":1,"minecraft:oak_log":33,"minecraft:coal":24,"minecraft:cobblestone":69}},"DataVersion":3953}