{"stats":{"minecraft:custom":{"minecraft:time_since_rest":7667,"minecraft:interact_with_furnace":17,"minecraft:sprint_one_cm":84639,"minecraft:damage_taken":170,"minecraft:walk_one_cm":137992,"minecraft:mob_kills":23,"minecraft:drop":1,"minecraft:damage_dealt":1937,"minecraft:interact_with_crafting_table":11,"minecraft:fly_one_cm":29198,"minecraft:crouch_one_cm":165,"minecraft:play_time":70302,"minecraft:sneak_time":218,"minecraft:walk_under_water_one_cm":2225,"minecraft:jump":436,"minecraft:leave_game":24,"minecraft:walk_on_water_one_cm":1868,"minecraft:time_since_death":70302,"minecraft:climb_one_cm":216,"minecraft:sleep_in_bed":3,"minecraft:total_world_time":70302,"minecraft:fall_one_cm":7304},"minecraft:dropped":{"minecraft:torch":22},"minecraft:mined":{"minecraft:white_bed":5,"minecraft:furnace":3,"minecraft:iron_ore":20,"minecraft:crafting_table":3,"minecraft:torch":3,"minecraft:short_grass":1,"minecraft:oak_log":33,"minecraft:grass_block":9,"minecraft:coal_ore":85,"minecraft:dirt":11,"minecraft:stone":112,"minecraft:oak_planks":2,"minecraft:oak_leaves":2},"minecraft:crafted":{"minecraft:cooked_beef":12,"minecraft:oak_planks":128,"minecraft:iron_boots":1,"minecraft:iron_chestplate":1,"minecraft:cooked_porkchop":2,"minecraft:shield":1,"minecraft:crafting_table":1,"minecraft:stick":32,"minecraft:stone_pickaxe":3,"minecraft:iron_ingot":19,"minecraft:iron_helmet":1,"minecraft:wooden_pickaxe":1,"minecraft:stone_sword":1,"minecraft:furnace":1,"minecraft:white_bed":1,"minecraft:torch":24,"minecraft:stone_axe":1,"minecraft:cooked_mutton":20},"minecraft:used":{"minecraft:oak_log":1,"minecraft:cooked_mutton":3,"minecraft:stone_sword":83,"minecraft:stone_pickaxe":161,"minecraft:oak_planks":2,"minecraft:wooden_pickaxe":59,"minecraft:stone_axe":4,"minecraft:torch":5,"minecraft:cobblestone":22,"minecraft:crafting_table":3,"minecraft:furnace":3,"minecraft:cooked_porkchop":2,"minecraft:white_bed":5},"minecraft:picked_up":{"minecraft:crafting_table":3,"minecraft:raw_iron":19,"minecraft:leather":6,"minecraft:torch":25,"minecraft:porkchop":2,"minecraft:oak_log":33,"minecraft:white_bed":5,"minecraft:dirt":19,"minecraft:rotten_flesh":1,"minecraft:wheat_seeds":1,"minecraft:beef":12,"minecraft:light_gray_wool":1,"minecraft:mutton":24,"minecraft:oak_planks":2,"minecraft:coal":81,"minecraft:white_wool":16,"minecraft:cobblestone":113,"minecraft:furnace":3},"minecraft:killed":{"minecraft:sheep":15,"minecraft:pig":1,"minecraft:cow":5},"minecraft:broken":{"minecraft:stone_pickaxe":1,"minecraft:wooden_pickaxe":1}},"DataVersion":3953}