{"stats":{"minecraft:killed":{"minecraft:sheep":12,"minecraft:pig":1,"minecraft:cow":5},"minecraft:picked_up":{"minecraft:crafting_table":2,"minecraft:raw_iron":16,"minecraft:leather":6,"minecraft:torch":2,"minecraft:porkchop":2,"minecraft:oak_log":33,"minecraft:white_bed":2,"minecraft:dirt":5,"minecraft:wheat_seeds":1,"minecraft:beef":12,"minecraft:light_gray_wool":1,"minecraft:mutton":20,"minecraft:coal":33,"minecraft:white_wool":13,"minecraft:cobblestone":87,"minecraft:furnace":2},"minecraft:mined":{"minecraft:white_bed":2,"minecraft:furnace":2,"minecraft:iron_ore":17,"minecraft:crafting_table":2,"minecraft:torch":2,"minecraft:short_grass":1,"minecraft:coal_ore":37,"minecraft:grass_block":2,"minecraft:oak_log":33,"minecraft:dirt":3,"minecraft:stone":87,"minecraft:oak_leaves":2},"minecraft:crafted":{"minecraft:cooked_beef":1,"minecraft:oak_planks":128,"minecraft:shield":1,"minecraft:crafting_table":1,"minecraft:stick":32,"minecraft:stone_pickaxe":1,"minecraft:iron_ingot":5,"minecraft:wooden_pickaxe":1,"minecraft:stone_sword":1,"minecraft:furnace":1,"minecraft:white_bed":1,"minecraft:torch":24,"minecraft:stone_axe":1,"minecraft:cooked_mutton":11},"minecraft:broken":{"minecraft:wooden_pickaxe":1},"minecraft:custom":{"minecraft:time_since_rest":43651,"minecraft:interact_with_furnace":6,"minecraft:sprint_one_cm":76433,"minecraft:damage_taken":70,"minecraft:walk_one_cm":93771,"minecraft:mob_kills":20,"minecraft:damage_dealt":1697,"minecraft:interact_with_crafting_table":7,"minecraft:fly_one_cm":27301,"minecraft:crouch_one_cm":165,"minecraft:play_time":43651,"minecraft:sneak_time":218,"minecraft:walk_under_water_one_cm":777,"minecraft:jump":305,"minecraft:leave_game":12,"minecraft:walk_on_water_one_cm":1028,"minecraft:time_since_death":43651,"minecraft:climb_one_cm":216,"minecraft:total_world_time":43651,"minecraft:fall_one_cm":4857},"minecraft:used":{"minecraft:oak_log":1,"minecraft:cooked_mutton":3,"minecraft:stone_sword":73,"minecraft:stone_pickaxe":84,"minecraft:oak_planks":1,"minecraft:wooden_pickaxe":59,"minecraft:stone_axe":2,"minecraft:torch":3,"minecraft:cobblestone":19,"minecraft:crafting_table":2,"minecraft:furnace":2,"minecraft:white_bed":2}},"DataVersion":3953}