{"stats":{"minecraft:custom":{"minecraft:time_since_rest":46297,"minecraft:interact_with_furnace":10,"minecraft:sprint_one_cm":22896,"minecraft:damage_taken":255,"minecraft:walk_one_cm":140872,"minecraft:drop":2,"minecraft:damage_dealt":6,"minecraft:interact_with_crafting_table":16,"minecraft:fly_one_cm":25594,"minecraft:open_chest":3,"minecraft:crouch_one_cm":1381,"minecraft:play_time":46297,"minecraft:sneak_time":791,"minecraft:jump":256,"minecraft:leave_game":9,"minecraft:walk_on_water_one_cm":887,"minecraft:time_since_death":46297,"minecraft:total_world_time":46297,"minecraft:fall_one_cm":6092},"minecraft:dropped":{"minecraft:dirt":3,"minecraft:wooden_axe":1},"minecraft:mined":{"minecraft:cobblestone_wall":2,"minecraft:cobblestone_stairs":1,"minecraft:crafting_table":1,"minecraft:short_grass":2,"minecraft:coal_ore":2,"minecraft:grass_block":17,"minecraft:oak_log":32,"minecraft:dirt":22,"minecraft:cobblestone":1,"minecraft:stone":125,"minecraft:oak_leaves":10,"minecraft:wall_torch":1},"minecraft:crafted":{"minecraft:oak_planks":128,"minecraft:crafting_table":1,"minecraft:stick":8,"minecraft:wooden_pickaxe":1,"minecraft:stone_pickaxe":1,"minecraft:wooden_axe":1,"minecraft:cobblestone_wall":12,"minecraft:stone_sword":1,"minecraft:chest":1,"minecraft:furnace":1,"minecraft:cobblestone_stairs":4,"minecraft:stone":3,"minecraft:torch":4},"minecraft:used":{"minecraft:wooden_axe":37,"minecraft:cobblestone_stairs":5,"minecraft:stone_pickaxe":74,"minecraft:chest":1,"minecraft:wooden_pickaxe":60,"minecraft:stone":3,"minecraft:torch":5,"minecraft:dirt":53,"minecraft:cobblestone":15,"minecraft:crafting_table":2,"minecraft:furnace":1,"minecraft:cooked_porkchop":2,"minecraft:cobblestone_wall":14},"minecraft:picked_up":{"minecraft:crafting_table":1,"minecraft:cooked_porkchop":4,"minecraft:torch":1,"minecraft:oak_log":32,"minecraft:cobblestone_wall":2,"minecraft:cobblestone_stairs":1,"minecraft:dirt":56,"minecraft:coal":2,"minecraft:cobblestone":126},"minecraft:broken":{"minecraft:wooden_pickaxe":1}},"DataVersion":3953}