{"stats":{"minecraft:custom":{"minecraft:interact_with_furnace":34,"minecraft:mob_kills":8,"minecraft:interact_with_crafting_table":33,"minecraft:leave_game":11,"minecraft:time_since_death":93467,"minecraft:time_since_rest":93467,"minecraft:sprint_one_cm":89753,"minecraft:damage_taken":355,"minecraft:walk_one_cm":320815,"minecraft:drop":11,"minecraft:damage_dealt":586,"minecraft:fly_one_cm":77948,"minecraft:open_chest":17,"minecraft:crouch_one_cm":3277,"minecraft:play_time":93467,"minecraft:sneak_time":2028,"minecraft:jump":593,"minecraft:walk_on_water_one_cm":887,"minecraft:interact_with_smoker":9,"minecraft:total_world_time":93467,"minecraft:fall_one_cm":14745},"minecraft:dropped":{"minecraft:wheat_seeds":6,"minecraft:feather":2,"minecraft:dirt":4,"minecraft:wooden_axe":1},"minecraft:mined":{"minecraft:acacia_leaves":9,"minecraft:cobblestone_stairs":4,"minecraft:crafting_table":1,"minecraft:torch":1,"minecraft:short_grass":46,"minecraft:acacia_log":73,"minecraft:grass_block":43,"minecraft:cobblestone":4,"minecraft:wall_torch":2,"minecraft:stone_stairs":2,"minecraft:acacia_sapling":1,"minecraft:cobblestone_wall":2,"minecraft:oak_log":73,"minecraft:coal_ore":8,"minecraft:dirt":45,"minecraft:stone":240,"minecraft:oak_leaves":13},"minecraft:crafted":{"minecraft:cooked_beef":3,"minecraft:oak_planks":148,"minecraft:smooth_stone":12,"minecraft:crafting_table":2,"minecraft:wooden_pickaxe":1,"minecraft:cooked_chicken":2,"minecraft:furnace":3,"minecraft:cobblestone_stairs":8,"minecraft:stone":41,"minecraft:stone_axe":1,"minecraft:cooked_mutton":5,"minecraft:stone_stairs":4,"minecraft:stick":16,"minecraft:stone_pickaxe":2,"minecraft:wooden_axe":1,"minecraft:cobblestone_wall":12,"minecraft:stone_sword":1,"minecraft:chest":2,"minecraft:acacia_planks":20,"minecraft:torch":8,"minecraft:smoker":1},"minecraft:used":{"minecraft:leather_leggings":1,"minecraft:stone_sword":31,"minecraft:cobblestone_stairs":12,"minecraft:stone_pickaxe":206,"minecraft:chest":2,"minecraft:wooden_pickaxe":60,"minecraft:stone":21,"minecraft:torch":11,"minecraft:dirt":101,"minecraft:crafting_table":3,"minecraft:cobblestone_wall":14,"minecraft:stone_stairs":6,"minecraft:acacia_sapling":2,"minecraft:smoker":1,"minecraft:wooden_axe":37,"minecraft:leather_helmet":1,"minecraft:stone_axe":155,"minecraft:cobblestone":24,"minecraft:oak_sapling":1,"minecraft:furnace":2,"minecraft:cooked_porkchop":4},"minecraft:picked_up":{"minecraft:crafting_table":1,"minecraft:feather":2,"minecraft:chicken":2,"minecraft:leather_leggings":1,"minecraft:leather":2,"minecraft:oak_log":73,"minecraft:cobblestone_wall":2,"minecraft:cobblestone_stairs":4,"minecraft:dirt":106,"minecraft:stone_stairs":2,"minecraft:apple":1,"minecraft:wheat_seeds":6,"minecraft:beef":3,"minecraft:acacia_sapling":2,"minecraft:cooked_porkchop":4,"minecraft:torch":3,"minecraft:acacia_log":73,"minecraft:leather_helmet":1,"minecraft:oak_sapling":1,"minecraft:mutton":5,"minecraft:coal":8,"minecraft:cobblestone":244,"minecraft:white_wool":5},"minecraft:killed":{"minecraft:sheep":5,"minecraft:chicken":2,"minecraft:cow":1},"minecraft:broken":{"minecraft:stone_pickaxe":1,"minecraft:stone_axe":1,"minecraft:wooden_pickaxe":1}},"DataVersion":3953}