{"stats":{"minecraft:custom":{"minecraft:jump":20,"minecraft:time_since_rest":4293,"minecraft:damage_taken":101,"minecraft:play_time":4293,"minecraft:leave_game":3,"minecraft:time_since_death":4293,"minecraft:walk_one_cm":8405,"minecraft:total_world_time":4293,"minecraft:interact_with_crafting_table":2,"minecraft:fall_one_cm":209,"minecraft:fly_one_cm":46},"minecraft:crafted":{"minecraft:crafting_table":1,"minecraft:oak_planks":12,"minecraft:stick":4,"minecraft:wooden_pickaxe":2},"minecraft:mined":{"minecraft:short_grass":1,"minecraft:stone":6,"minecraft:oak_log":3,"minecraft:dirt":1},"minecraft:used":{"minecraft:wooden_pickaxe":7,"minecraft:crafting_table":1},"minecraft:picked_up":{"minecraft:oak_log":3,"minecraft:dirt":1,"minecraft:cobblestone":5}},"DataVersion":3953}