{"stats":{"minecraft:custom":{"minecraft:interact_with_furnace":50,"minecraft:mob_kills":10,"minecraft:interact_with_crafting_table":51,"minecraft:leave_game":11,"minecraft:time_since_death":129467,"minecraft:time_since_rest":129467,"minecraft:sprint_one_cm":96656,"minecraft:damage_taken":566,"minecraft:walk_one_cm":470700,"minecraft:drop":21,"minecraft:damage_dealt":1060,"minecraft:fly_one_cm":80158,"minecraft:open_chest":27,"minecraft:crouch_one_cm":5504,"minecraft:play_time":129467,"minecraft:sneak_time":4242,"minecraft:jump":742,"minecraft:walk_on_water_one_cm":2133,"minecraft:interact_with_smoker":11,"minecraft:total_world_time":129467,"minecraft:fall_one_cm":16191},"minecraft:dropped":{"minecraft:wheat_seeds":6,"minecraft:feather":2,"minecraft:oak_planks":46,"minecraft:dirt":4,"minecraft:wooden_axe":1,"minecraft:white_wool":5},"minecraft:mined":{"minecraft:acacia_leaves":9,"minecraft:cobblestone_stairs":8,"minecraft:crafting_table":1,"minecraft:torch":1,"minecraft:short_grass":46,"minecraft:acacia_log":73,"minecraft:grass_block":70,"minecraft:cobblestone":6,"minecraft:wall_torch":2,"minecraft:stone_stairs":5,"minecraft:acacia_sapling":1,"minecraft:cobblestone_wall":2,"minecraft:oak_log":73,"minecraft:coal_ore":8,"minecraft:cobblestone_slab":8,"minecraft:dirt":69,"minecraft:stone":271,"minecraft:oak_leaves":13},"minecraft:crafted":{"minecraft:cooked_beef":3,"minecraft:oak_door":3,"minecraft:item_frame":1,"minecraft:oak_planks":212,"minecraft:smooth_stone":12,"minecraft:cobblestone_slab":6,"minecraft:oak_sign":3,"minecraft:crafting_table":2,"minecraft:wooden_pickaxe":1,"minecraft:cooked_chicken":2,"minecraft:furnace":3,"minecraft:cobblestone_stairs":24,"minecraft:stone":56,"minecraft:stone_axe":1,"minecraft:cooked_mutton":5,"minecraft:stone_stairs":12,"minecraft:stick":24,"minecraft:iron_ingot":1,"minecraft:stone_pickaxe":2,"minecraft:wooden_axe":1,"minecraft:cobblestone_wall":12,"minecraft:stone_sword":1,"minecraft:chest":2,"minecraft:acacia_planks":20,"minecraft:torch":8,"minecraft:smoker":1},"minecraft:used":{"minecraft:leather_leggings":1,"minecraft:stone_sword":51,"minecraft:cobblestone_stairs":32,"minecraft:stone_pickaxe":255,"minecraft:oak_sign":3,"minecraft:chest":2,"minecraft:wooden_pickaxe":60,"minecraft:stone":26,"minecraft:cobblestone_slab":15,"minecraft:rotten_flesh":1,"minecraft:oak_door":3,"minecraft:torch":11,"minecraft:dirt":171,"minecraft:crafting_table":3,"minecraft:cobblestone_wall":14,"minecraft:stone_stairs":17,"minecraft:acacia_sapling":2,"minecraft:smoker":1,"minecraft:wooden_axe":37,"minecraft:leather_helmet":1,"minecraft:item_frame":2,"minecraft:stone_axe":155,"minecraft:cobblestone":41,"minecraft:oak_sapling":1,"minecraft:furnace":2,"minecraft:cooked_porkchop":4,"minecraft:cooked_beef":3},"minecraft:picked_up":{"minecraft:crafting_table":1,"minecraft:feather":2,"minecraft:chicken":2,"minecraft:leather_leggings":1,"minecraft:leather":2,"minecraft:oak_log":73,"minecraft:cobblestone_wall":2,"minecraft:cobblestone_stairs":8,"minecraft:dirt":194,"minecraft:stone_stairs":5,"minecraft:item_frame":1,"minecraft:apple":1,"minecraft:wheat_seeds":6,"minecraft:beef":3,"minecraft:cobblestone_slab":9,"minecraft:acacia_sapling":2,"minecraft:raw_iron":1,"minecraft:cooked_porkchop":4,"minecraft:torch":3,"minecraft:acacia_log":73,"minecraft:leather_helmet":1,"minecraft:rotten_flesh":1,"minecraft:oak_sapling":1,"minecraft:mutton":5,"minecraft:coal":8,"minecraft:cobblestone":277,"minecraft:white_wool":5},"minecraft:killed":{"minecraft:sheep":5,"minecraft:zombie":2,"minecraft:chicken":2,"minecraft:cow":1},"minecraft:broken":{"minecraft:stone_pickaxe":1,"minecraft:stone_axe":1,"minecraft:wooden_pickaxe":1}},"DataVersion":3953}