{"stats":{"minecraft:custom":{"minecraft:time_since_rest":10129,"minecraft:sprint_one_cm":2697,"minecraft:interact_with_furnace":3,"minecraft:play_time":10129,"minecraft:damage_taken":111,"minecraft:walk_one_cm":18109,"minecraft:jump":102,"minecraft:leave_game":6,"minecraft:time_since_death":10129,"minecraft:total_world_time":10129,"minecraft:interact_with_crafting_table":7,"minecraft:fall_one_cm":2301,"minecraft:fly_one_cm":2659},"minecraft:crafted":{"minecraft:furnace":1,"minecraft:oak_planks":24,"minecraft:shield":1,"minecraft:crafting_table":1,"minecraft:stick":8,"minecraft:iron_ingot":1,"minecraft:wooden_pickaxe":2,"minecraft:stone_pickaxe":1},"minecraft:mined":{"minecraft:short_grass":1,"minecraft:grass_block":1,"minecraft:oak_log":6,"minecraft:dirt":2,"minecraft:iron_ore":1,"minecraft:stone":27},"minecraft:used":{"minecraft:dirt":3,"minecraft:cobblestone":1,"minecraft:crafting_table":1,"minecraft:furnace":1,"minecraft:stone_pickaxe":23,"minecraft:wooden_pickaxe":8},"minecraft:picked_up":{"minecraft:raw_iron":1,"minecraft:oak_log":6,"minecraft:cobblestone":27,"minecraft:dirt":3}},"DataVersion":3953}