{"stats":{"minecraft:custom":{"minecraft:time_since_rest":70180,"minecraft:interact_with_furnace":28,"minecraft:sprint_one_cm":47067,"minecraft:damage_taken":275,"minecraft:walk_one_cm":232141,"minecraft:mob_kills":2,"minecraft:drop":4,"minecraft:damage_dealt":86,"minecraft:interact_with_crafting_table":30,"minecraft:fly_one_cm":39167,"minecraft:open_chest":9,"minecraft:crouch_one_cm":2682,"minecraft:play_time":70180,"minecraft:sneak_time":1681,"minecraft:jump":400,"minecraft:leave_game":10,"minecraft:walk_on_water_one_cm":887,"minecraft:time_since_death":70180,"minecraft:interact_with_smoker":2,"minecraft:total_world_time":70180,"minecraft:fall_one_cm":9867},"minecraft:dropped":{"minecraft:dirt":3,"minecraft:wooden_axe":1,"minecraft:feather":2},"minecraft:mined":{"minecraft:cobblestone_wall":2,"minecraft:cobblestone_stairs":4,"minecraft:torch":1,"minecraft:acacia_log":8,"minecraft:crafting_table":1,"minecraft:short_grass":18,"minecraft:coal_ore":2,"minecraft:grass_block":37,"minecraft:oak_log":37,"minecraft:dirt":38,"minecraft:cobblestone":3,"minecraft:stone":183,"minecraft:oak_leaves":10,"minecraft:wall_torch":2},"minecraft:crafted":{"minecraft:smooth_stone":12,"minecraft:oak_planks":148,"minecraft:crafting_table":2,"minecraft:stick":16,"minecraft:cooked_chicken":2,"minecraft:wooden_pickaxe":1,"minecraft:stone_pickaxe":2,"minecraft:wooden_axe":1,"minecraft:cobblestone_wall":12,"minecraft:stone_sword":1,"minecraft:chest":1,"minecraft:furnace":3,"minecraft:stone":25,"minecraft:cobblestone_stairs":8,"minecraft:acacia_planks":16,"minecraft:torch":8,"minecraft:stone_axe":1,"minecraft:smoker":1},"minecraft:used":{"minecraft:wooden_axe":37,"minecraft:cobblestone_stairs":12,"minecraft:stone_pickaxe":137,"minecraft:chest":1,"minecraft:wooden_pickaxe":60,"minecraft:stone":13,"minecraft:stone_axe":30,"minecraft:torch":11,"minecraft:dirt":89,"minecraft:cobblestone":19,"minecraft:crafting_table":3,"minecraft:furnace":2,"minecraft:cooked_porkchop":4,"minecraft:cobblestone_wall":14,"minecraft:smoker":1},"minecraft:picked_up":{"minecraft:crafting_table":1,"minecraft:feather":2,"minecraft:chicken":2,"minecraft:cooked_porkchop":4,"minecraft:torch":3,"minecraft:acacia_log":8,"minecraft:oak_log":37,"minecraft:cobblestone_wall":2,"minecraft:cobblestone_stairs":4,"minecraft:dirt":92,"minecraft:coal":2,"minecraft:cobblestone":186},"minecraft:killed":{"minecraft:chicken":2},"minecraft:broken":{"minecraft:stone_pickaxe":1,"minecraft:wooden_pickaxe":1}},"DataVersion":3953}