{"stats":{"minecraft:dropped":{"minecraft:wooden_axe":1},"minecraft:custom":{"minecraft:time_since_rest":12713,"minecraft:crouch_one_cm":515,"minecraft:play_time":12713,"minecraft:sprint_one_cm":14379,"minecraft:damage_taken":65,"minecraft:walk_one_cm":14546,"minecraft:sneak_time":252,"minecraft:drop":1,"minecraft:jump":66,"minecraft:leave_game":7,"minecraft:time_since_death":12713,"minecraft:total_world_time":12713,"minecraft:interact_with_crafting_table":1,"minecraft:fall_one_cm":1366,"minecraft:fly_one_cm":8478},"minecraft:crafted":{"minecraft:oak_planks":24,"minecraft:crafting_table":1,"minecraft:stick":8,"minecraft:wooden_pickaxe":1,"minecraft:wooden_axe":1},"minecraft:used":{"minecraft:wooden_axe":37,"minecraft:crafting_table":1},"minecraft:mined":{"minecraft:short_grass":1,"minecraft:oak_log":32,"minecraft:oak_leaves":10,"minecraft:crafting_table":1},"minecraft:picked_up":{"minecraft:crafting_table":1,"minecraft:oak_log":32}},"DataVersion":3953}