{"stats":{"minecraft:custom":{"minecraft:time_since_rest":3898,"minecraft:interact_with_furnace":17,"minecraft:sprint_one_cm":76484,"minecraft:damage_taken":70,"minecraft:walk_one_cm":112050,"minecraft:mob_kills":20,"minecraft:damage_dealt":1697,"minecraft:interact_with_crafting_table":11,"minecraft:fly_one_cm":27301,"minecraft:crouch_one_cm":165,"minecraft:play_time":60453,"minecraft:sneak_time":218,"minecraft:walk_under_water_one_cm":777,"minecraft:jump":359,"minecraft:leave_game":21,"minecraft:walk_on_water_one_cm":1028,"minecraft:time_since_death":60453,"minecraft:climb_one_cm":216,"minecraft:sleep_in_bed":2,"minecraft:total_world_time":60453,"minecraft:fall_one_cm":5813},"minecraft:mined":{"minecraft:white_bed":4,"minecraft:furnace":3,"minecraft:iron_ore":20,"minecraft:crafting_table":3,"minecraft:torch":3,"minecraft:short_grass":1,"minecraft:coal_ore":63,"minecraft:grass_block":6,"minecraft:oak_log":33,"minecraft:dirt":9,"minecraft:stone":105,"minecraft:oak_planks":2,"minecraft:oak_leaves":2},"minecraft:crafted":{"minecraft:cooked_beef":12,"minecraft:oak_planks":128,"minecraft:iron_boots":1,"minecraft:iron_chestplate":1,"minecraft:cooked_porkchop":2,"minecraft:shield":1,"minecraft:crafting_table":1,"minecraft:stick":32,"minecraft:iron_ingot":19,"minecraft:stone_pickaxe":3,"minecraft:iron_helmet":1,"minecraft:wooden_pickaxe":1,"minecraft:stone_sword":1,"minecraft:furnace":1,"minecraft:white_bed":1,"minecraft:torch":24,"minecraft:stone_axe":1,"minecraft:cooked_mutton":20},"minecraft:used":{"minecraft:oak_log":1,"minecraft:cooked_mutton":3,"minecraft:stone_sword":73,"minecraft:stone_pickaxe":132,"minecraft:oak_planks":2,"minecraft:wooden_pickaxe":59,"minecraft:stone_axe":4,"minecraft:torch":5,"minecraft:cobblestone":20,"minecraft:crafting_table":3,"minecraft:furnace":3,"minecraft:white_bed":4},"minecraft:picked_up":{"minecraft:crafting_table":3,"minecraft:raw_iron":19,"minecraft:leather":6,"minecraft:torch":3,"minecraft:porkchop":2,"minecraft:oak_log":33,"minecraft:white_bed":4,"minecraft:dirt":15,"minecraft:wheat_seeds":1,"minecraft:beef":12,"minecraft:light_gray_wool":1,"minecraft:mutton":20,"minecraft:oak_planks":2,"minecraft:coal":59,"minecraft:white_wool":13,"minecraft:cobblestone":106,"minecraft:furnace":3},"minecraft:killed":{"minecraft:sheep":12,"minecraft:pig":1,"minecraft:cow":5},"minecraft:broken":{"minecraft:stone_pickaxe":1,"minecraft:wooden_pickaxe":1}},"DataVersion":3953}