{"stats":{"minecraft:custom":{"minecraft:time_since_rest":52180,"minecraft:interact_with_furnace":14,"minecraft:sprint_one_cm":32396,"minecraft:damage_taken":255,"minecraft:walk_one_cm":168371,"minecraft:drop":2,"minecraft:damage_dealt":6,"minecraft:interact_with_crafting_table":19,"minecraft:fly_one_cm":28447,"minecraft:open_chest":4,"minecraft:crouch_one_cm":1503,"minecraft:play_time":52180,"minecraft:sneak_time":914,"minecraft:jump":304,"minecraft:leave_game":10,"minecraft:walk_on_water_one_cm":887,"minecraft:time_since_death":52180,"minecraft:total_world_time":52180,"minecraft:fall_one_cm":7255},"minecraft:dropped":{"minecraft:dirt":3,"minecraft:wooden_axe":1},"minecraft:mined":{"minecraft:cobblestone_wall":2,"minecraft:cobblestone_stairs":1,"minecraft:crafting_table":1,"minecraft:short_grass":2,"minecraft:coal_ore":2,"minecraft:grass_block":18,"minecraft:oak_log":32,"minecraft:dirt":22,"minecraft:cobblestone":1,"minecraft:stone":125,"minecraft:oak_leaves":10,"minecraft:wall_torch":1},"minecraft:crafted":{"minecraft:oak_planks":128,"minecraft:crafting_table":1,"minecraft:stick":16,"minecraft:wooden_pickaxe":1,"minecraft:stone_pickaxe":1,"minecraft:wooden_axe":1,"minecraft:cobblestone_wall":12,"minecraft:stone_sword":1,"minecraft:chest":1,"minecraft:furnace":1,"minecraft:stone":3,"minecraft:cobblestone_stairs":4,"minecraft:torch":8,"minecraft:stone_axe":1},"minecraft:used":{"minecraft:wooden_axe":37,"minecraft:cobblestone_stairs":5,"minecraft:stone_pickaxe":74,"minecraft:chest":1,"minecraft:wooden_pickaxe":60,"minecraft:stone":3,"minecraft:torch":9,"minecraft:dirt":53,"minecraft:cobblestone":15,"minecraft:crafting_table":2,"minecraft:furnace":1,"minecraft:cooked_porkchop":2,"minecraft:cobblestone_wall":14},"minecraft:picked_up":{"minecraft:crafting_table":1,"minecraft:cooked_porkchop":4,"minecraft:torch":1,"minecraft:oak_log":32,"minecraft:cobblestone_wall":2,"minecraft:cobblestone_stairs":1,"minecraft:dirt":57,"minecraft:coal":2,"minecraft:cobblestone":126},"minecraft:broken":{"minecraft:wooden_pickaxe":1}},"DataVersion":3953}