{"stats":{"minecraft:custom":{"minecraft:interact_with_furnace":62,"minecraft:mob_kills":12,"minecraft:interact_with_crafting_table":58,"minecraft:leave_game":19,"minecraft:time_since_death":155711,"minecraft:sleep_in_bed":2,"minecraft:time_since_rest":6502,"minecraft:sprint_one_cm":115396,"minecraft:damage_taken":594,"minecraft:walk_one_cm":553769,"minecraft:drop":22,"minecraft:damage_dealt":1160,"minecraft:fly_one_cm":94559,"minecraft:open_chest":42,"minecraft:crouch_one_cm":6027,"minecraft:play_time":155711,"minecraft:sneak_time":5592,"minecraft:jump":877,"minecraft:walk_on_water_one_cm":2133,"minecraft:interact_with_smoker":16,"minecraft:total_world_time":155711,"minecraft:fall_one_cm":19237},"minecraft:dropped":{"minecraft:wheat_seeds":6,"minecraft:feather":3,"minecraft:oak_planks":46,"minecraft:dirt":4,"minecraft:wooden_axe":1,"minecraft:white_wool":5},"minecraft:mined":{"minecraft:acacia_leaves":12,"minecraft:white_bed":3,"minecraft:cobblestone_stairs":8,"minecraft:dandelion":5,"minecraft:crafting_table":1,"minecraft:cornflower":1,"minecraft:torch":1,"minecraft:short_grass":51,"minecraft:acacia_log":80,"minecraft:grass_block":71,"minecraft:cobblestone":6,"minecraft:wall_torch":2,"minecraft:stone_stairs":5,"minecraft:acacia_sapling":1,"minecraft:furnace":1,"minecraft:cobblestone_wall":2,"minecraft:oak_log":88,"minecraft:coal_ore":8,"minecraft:cobblestone_slab":8,"minecraft:dirt":69,"minecraft:stone":278,"minecraft:oak_leaves":15,"minecraft:fern":2},"minecraft:crafted":{"minecraft:cooked_beef":3,"minecraft:oak_door":3,"minecraft:item_frame":1,"minecraft:oak_planks":212,"minecraft:smooth_stone":12,"minecraft:cobblestone_slab":6,"minecraft:oak_sign":3,"minecraft:crafting_table":2,"minecraft:wooden_pickaxe":1,"minecraft:cooked_chicken":3,"minecraft:furnace":3,"minecraft:cobblestone_stairs":24,"minecraft:stone":61,"minecraft:bone_meal":3,"minecraft:campfire":1,"minecraft:stone_axe":2,"minecraft:cooked_mutton":5,"minecraft:stone_stairs":12,"minecraft:stick":24,"minecraft:iron_ingot":1,"minecraft:stone_pickaxe":2,"minecraft:wooden_axe":1,"minecraft:cobblestone_wall":12,"minecraft:stone_sword":1,"minecraft:chest":2,"minecraft:acacia_planks":36,"minecraft:torch":8,"minecraft:smoker":1},"minecraft:used":{"minecraft:stone_sword":60,"minecraft:leather_leggings":1,"minecraft:cobblestone_stairs":32,"minecraft:stone_pickaxe":263,"minecraft:oak_sign":3,"minecraft:chest":2,"minecraft:wooden_pickaxe":60,"minecraft:stone":26,"minecraft:cobblestone_slab":15,"minecraft:rotten_flesh":1,"minecraft:oak_door":3,"minecraft:torch":11,"minecraft:dirt":172,"minecraft:crafting_table":3,"minecraft:cobblestone_wall":14,"minecraft:stone_stairs":17,"minecraft:white_bed":3,"minecraft:acacia_sapling":4,"minecraft:smoker":1,"minecraft:wooden_axe":37,"minecraft:leather_helmet":1,"minecraft:item_frame":2,"minecraft:stone_axe":182,"minecraft:cobblestone":41,"minecraft:cooked_porkchop":4,"minecraft:furnace":3,"minecraft:oak_sapling":2,"minecraft:cooked_beef":3,"minecraft:dandelion":1,"minecraft:bone_meal":3},"minecraft:picked_up":{"minecraft:crafting_table":1,"minecraft:feather":3,"minecraft:chicken":3,"minecraft:leather_leggings":1,"minecraft:leather":2,"minecraft:oak_log":88,"minecraft:cobblestone_wall":2,"minecraft:cobblestone_stairs":8,"minecraft:dirt":195,"minecraft:cornflower":1,"minecraft:stone_stairs":5,"minecraft:item_frame":1,"minecraft:bone":1,"minecraft:apple":1,"minecraft:wheat_seeds":6,"minecraft:beef":3,"minecraft:cobblestone_slab":9,"minecraft:acacia_sapling":4,"minecraft:furnace":1,"minecraft:stick":3,"minecraft:raw_iron":1,"minecraft:cooked_porkchop":4,"minecraft:acacia_log":80,"minecraft:torch":3,"minecraft:dandelion":5,"minecraft:white_bed":3,"minecraft:leather_helmet":1,"minecraft:arrow":3,"minecraft:rotten_flesh":1,"minecraft:oak_sapling":2,"minecraft:mutton":5,"minecraft:cobblestone":277,"minecraft:coal":18,"minecraft:white_wool":5},"minecraft:killed":{"minecraft:skeleton":1,"minecraft:sheep":5,"minecraft:zombie":2,"minecraft:chicken":3,"minecraft:cow":1},"minecraft:broken":{"minecraft:stone_pickaxe":2,"minecraft:stone_axe":1,"minecraft:wooden_pickaxe":1}},"DataVersion":3953}