{"stats":{"minecraft:custom":{"minecraft:time_since_rest":7831,"minecraft:sprint_one_cm":9507,"minecraft:play_time":7831,"minecraft:damage_taken":30,"minecraft:walk_one_cm":12587,"minecraft:jump":20,"minecraft:leave_game":3,"minecraft:time_since_death":7831,"minecraft:total_world_time":7831,"minecraft:interact_with_crafting_table":1,"minecraft:fall_one_cm":835,"minecraft:fly_one_cm":1350},"minecraft:crafted":{"minecraft:oak_planks":128,"minecraft:crafting_table":1,"minecraft:stick":32,"minecraft:wooden_pickaxe":1},"minecraft:used":{"minecraft:oak_log":1,"minecraft:crafting_table":1,"minecraft:wooden_pickaxe":6},"minecraft:mined":{"minecraft:short_grass":1,"minecraft:oak_log":33,"minecraft:stone":6,"minecraft:oak_leaves":2},"minecraft:picked_up":{"minecraft:wheat_seeds":1,"minecraft:oak_log":33,"minecraft:cobblestone":4}},"DataVersion":3953}