{"stats":{"minecraft:custom":{"minecraft:time_since_rest":6424,"minecraft:sprint_one_cm":1782,"minecraft:damage_taken":140,"minecraft:walk_one_cm":61138,"minecraft:mob_kills":4,"minecraft:damage_dealt":361,"minecraft:interact_with_crafting_table":3,"minecraft:fly_one_cm":967,"minecraft:crouch_one_cm":243,"minecraft:play_time":15575,"minecraft:sneak_time":173,"minecraft:walk_under_water_one_cm":281,"minecraft:jump":146,"minecraft:leave_game":5,"minecraft:walk_on_water_one_cm":731,"minecraft:time_since_death":15575,"minecraft:sleep_in_bed":1,"minecraft:climb_one_cm":291,"minecraft:total_world_time":15575,"minecraft:fall_one_cm":4654},"minecraft:mined":{"minecraft:jungle_leaves":2,"minecraft:short_grass":2,"minecraft:oak_log":4,"minecraft:grass_block":1,"minecraft:coal_ore":6,"minecraft:vine":2,"minecraft:jungle_log":16,"minecraft:dirt":2,"minecraft:stone":21,"minecraft:white_wool":2},"minecraft:crafted":{"minecraft:oak_planks":16,"minecraft:crafting_table":1,"minecraft:stick":8,"minecraft:wooden_pickaxe":1,"minecraft:stone_pickaxe":1,"minecraft:stone_sword":1,"minecraft:stone_axe":1},"minecraft:used":{"minecraft:stone_sword":12,"minecraft:wooden_pickaxe":43,"minecraft:stone_axe":13,"minecraft:white_wool":2,"minecraft:dirt":3,"minecraft:crafting_table":1},"minecraft:picked_up":{"minecraft:jungle_log":15,"minecraft:porkchop":5,"minecraft:oak_log":4,"minecraft:dirt":3,"minecraft:mutton":2,"minecraft:coal":6,"minecraft:white_wool":4,"minecraft:cobblestone":21,"minecraft:egg":1},"minecraft:killed":{"minecraft:sheep":2,"minecraft:pig":2},"minecraft:broken":{"minecraft:wooden_pickaxe":1}},"DataVersion":3953}