{"stats":{"minecraft:custom":{"minecraft:time_since_rest":21863,"minecraft:interact_with_furnace":5,"minecraft:sprint_one_cm":38363,"minecraft:damage_taken":196,"minecraft:walk_one_cm":73185,"minecraft:mob_kills":7,"minecraft:damage_dealt":530,"minecraft:interact_with_crafting_table":8,"minecraft:fly_one_cm":43647,"minecraft:open_chest":1,"minecraft:crouch_one_cm":15973,"minecraft:play_time":32647,"minecraft:sneak_time":7378,"minecraft:walk_under_water_one_cm":1172,"minecraft:jump":334,"minecraft:leave_game":4,"minecraft:walk_on_water_one_cm":2177,"minecraft:time_since_death":32647,"minecraft:sleep_in_bed":1,"minecraft:total_world_time":32647,"minecraft:climb_one_cm":593,"minecraft:fall_one_cm":12884},"minecraft:crafted":{"minecraft:oak_slab":48,"minecraft:oak_planks":40,"minecraft:stone_shovel":1,"minecraft:crafting_table":1,"minecraft:stick":12,"minecraft:wooden_pickaxe":1,"minecraft:cooked_chicken":3,"minecraft:stone_pickaxe":1,"minecraft:wooden_axe":1,"minecraft:furnace":1,"minecraft:stone_axe":1,"minecraft:jungle_planks":80,"minecraft:jungle_slab":60,"minecraft:air":0},"minecraft:mined":{"minecraft:oak_slab":13,"minecraft:furnace":1,"minecraft:jungle_slab":1,"minecraft:crafting_table":3,"minecraft:short_grass":17,"minecraft:coal_ore":2,"minecraft:grass_block":27,"minecraft:oak_log":18,"minecraft:vine":7,"minecraft:jungle_log":20,"minecraft:dirt":20,"minecraft:tall_grass":2,"minecraft:stone":29,"minecraft:oak_planks":3,"minecraft:oak_leaves":63,"minecraft:fern":2},"minecraft:used":{"minecraft:oak_log":8,"minecraft:wooden_axe":67,"minecraft:stone_shovel":29,"minecraft:oak_planks":3,"minecraft:wooden_pickaxe":32,"minecraft:cooked_chicken":3,"minecraft:stone_axe":56,"minecraft:cobblestone":1,"minecraft:dirt":16,"minecraft:oak_slab":40,"minecraft:crafting_table":4,"minecraft:furnace":2,"minecraft:jungle_slab":28},"minecraft:picked_up":{"minecraft:oak_slab":13,"minecraft:stick":8,"minecraft:crafting_table":3,"minecraft:feather":4,"minecraft:chicken":3,"minecraft:jungle_log":20,"minecraft:leather":2,"minecraft:oak_log":18,"minecraft:jungle_slab":1,"minecraft:dirt":43,"minecraft:apple":2,"minecraft:wheat_seeds":4,"minecraft:beef":6,"minecraft:oak_sapling":2,"minecraft:oak_planks":3,"minecraft:coal":1,"minecraft:furnace":1,"minecraft:cobblestone":29,"minecraft:egg":1},"minecraft:killed":{"minecraft:chicken":3,"minecraft:cow":4},"minecraft:broken":{"minecraft:wooden_axe":1}},"DataVersion":3953}