{"stats":{"minecraft:custom":{"minecraft:time_since_rest":4914,"minecraft:crouch_one_cm":51,"minecraft:play_time":4914,"minecraft:sprint_one_cm":4836,"minecraft:damage_taken":20,"minecraft:walk_one_cm":6188,"minecraft:sneak_time":27,"minecraft:jump":24,"minecraft:time_since_death":4914,"minecraft:total_world_time":4914,"minecraft:fall_one_cm":900,"minecraft:interact_with_crafting_table":1,"minecraft:fly_one_cm":3553},"minecraft:crafted":{"minecraft:oak_planks":20,"minecraft:crafting_table":1,"minecraft:stick":8,"minecraft:wooden_pickaxe":1,"minecraft:wooden_axe":1},"minecraft:mined":{"minecraft:oak_log":5,"minecraft:oak_leaves":1,"minecraft:crafting_table":1},"minecraft:used":{"minecraft:wooden_axe":1,"minecraft:crafting_table":1},"minecraft:picked_up":{"minecraft:crafting_table":1,"minecraft:oak_log":5}},"DataVersion":3953}