{"stats":{"minecraft:killed_by":{"minecraft:creeper":1},"minecraft:killed":{"minecraft:armadillo":1,"minecraft:pig":1,"minecraft:spider":1,"minecraft:skeleton":7,"minecraft:sheep":1,"minecraft:zombie":10,"minecraft:chicken":3,"minecraft:cow":4},"minecraft:picked_up":{"minecraft:crafting_table":8,"minecraft:feather":4,"minecraft:chicken":3,"minecraft:jungle_log":20,"minecraft:andesite":9,"minecraft:leather":2,"minecraft:tuff":1,"minecraft:oak_log":21,"minecraft:amethyst_block":8,"minecraft:lapis_lazuli":37,"minecraft:dirt":69,"minecraft:raw_copper":7,"minecraft:bone":6,"minecraft:apple":2,"minecraft:bow":1,"minecraft:wheat_seeds":5,"minecraft:cobbled_deepslate":84,"minecraft:raw_gold":19,"minecraft:iron_ingot":1,"minecraft:beef":6,"minecraft:calcite":4,"minecraft:light_gray_wool":1,"minecraft:oak_planks":52,"minecraft:egg":1,"minecraft:furnace":6,"minecraft:oak_slab":14,"minecraft:stick":12,"minecraft:raw_iron":46,"minecraft:torch":12,"minecraft:gravel":2,"minecraft:porkchop":3,"minecraft:redstone":61,"minecraft:jungle_slab":2,"minecraft:arrow":4,"minecraft:rotten_flesh":9,"minecraft:diamond":5,"minecraft:granite":35,"minecraft:oak_sapling":2,"minecraft:mutton":1,"minecraft:coal":186,"minecraft:white_wool":5,"minecraft:cobblestone":232},"minecraft:mined":{"minecraft:deepslate_redstone_ore":17,"minecraft:oak_slab":15,"minecraft:tuff":1,"minecraft:deepslate_diamond_ore":5,"minecraft:jungle_slab":2,"minecraft:crafting_table":8,"minecraft:torch":5,"minecraft:glow_lichen":1,"minecraft:granite":36,"minecraft:budding_amethyst":1,"minecraft:short_grass":28,"minecraft:grass_block":46,"minecraft:calcite":4,"minecraft:jungle_log":20,"minecraft:copper_ore":3,"minecraft:tall_grass":2,"minecraft:cobblestone":13,"minecraft:deepslate_gold_ore":19,"minecraft:oak_planks":6,"minecraft:wall_torch":5,"minecraft:amethyst_block":14,"minecraft:furnace":6,"minecraft:iron_ore":42,"minecraft:andesite":10,"minecraft:deepslate_lapis_ore":5,"minecraft:coal_ore":90,"minecraft:oak_log":21,"minecraft:deepslate_iron_ore":3,"minecraft:vine":7,"minecraft:gravel":3,"minecraft:dirt":29,"minecraft:smooth_basalt":2,"minecraft:stone":182,"minecraft:oak_leaves":63,"minecraft:deepslate":85,"minecraft:fern":2},"minecraft:crafted":{"minecraft:cooked_beef":6,"minecraft:oak_planks":52,"minecraft:oak_slab":48,"minecraft:stone_shovel":1,"minecraft:cooked_porkchop":3,"minecraft:crafting_table":3,"minecraft:cooked_chicken":3,"minecraft:wooden_pickaxe":1,"minecraft:iron_sword":1,"minecraft:furnace":3,"minecraft:bucket":1,"minecraft:stone_axe":1,"minecraft:jungle_slab":60,"minecraft:cooked_mutton":1,"minecraft:air":0,"minecraft:jungle_planks":80,"minecraft:blue_dye":1,"minecraft:iron_chestplate":1,"minecraft:iron_boots":1,"minecraft:diamond_pickaxe":1,"minecraft:shield":1,"minecraft:stick":56,"minecraft:iron_ingot":41,"minecraft:iron_pickaxe":1,"minecraft:stone_pickaxe":3,"minecraft:wooden_axe":1,"minecraft:iron_leggings":1,"minecraft:white_bed":1,"minecraft:torch":180},"minecraft:broken":{"minecraft:stone_pickaxe":3,"minecraft:stone_axe":1,"minecraft:wooden_axe":1},"minecraft:custom":{"minecraft:interact_with_furnace":37,"minecraft:mob_kills":28,"minecraft:interact_with_crafting_table":30,"minecraft:leave_game":7,"minecraft:time_since_death":2453,"minecraft:sleep_in_bed":1,"minecraft:climb_one_cm":593,"minecraft:time_since_rest":2532,"minecraft:sprint_one_cm":140189,"minecraft:damage_taken":1080,"minecraft:walk_one_cm":268851,"minecraft:damage_blocked_by_shield":1596,"minecraft:drop":18,"minecraft:damage_dealt":4149,"minecraft:fly_one_cm":178510,"minecraft:open_chest":2,"minecraft:deaths":1,"minecraft:crouch_one_cm":39393,"minecraft:play_time":122829,"minecraft:sneak_time":18217,"minecraft:walk_under_water_one_cm":1196,"minecraft:jump":1386,"minecraft:walk_on_water_one_cm":3588,"minecraft:total_world_time":122829,"minecraft:fall_one_cm":39569},"minecraft:dropped":{"minecraft:gravel":2,"minecraft:wheat_seeds":5,"minecraft:raw_copper":7,"minecraft:rotten_flesh":6,"minecraft:feather":4,"minecraft:raw_iron":2,"minecraft:light_gray_wool":1,"minecraft:leather":2,"minecraft:amethyst_block":8,"minecraft:dirt":3,"minecraft:oak_sapling":2,"minecraft:white_wool":2,"minecraft:acacia_planks":1,"minecraft:bone":6},"minecraft:used":{"minecraft:calcite":4,"minecraft:cooked_mutton":1,"minecraft:stone_shovel":44,"minecraft:stone_pickaxe":394,"minecraft:oak_planks":9,"minecraft:wooden_pickaxe":32,"minecraft:shield":42,"minecraft:iron_sword":18,"minecraft:rotten_flesh":1,"minecraft:cooked_chicken":3,"minecraft:torch":179,"minecraft:dirt":66,"minecraft:oak_slab":62,"minecraft:crafting_table":10,"minecraft:jungle_planks":8,"minecraft:jungle_slab":49,"minecraft:white_bed":1,"minecraft:granite":13,"minecraft:oak_log":8,"minecraft:wooden_axe":67,"minecraft:diamond_pickaxe":25,"minecraft:lava_bucket":3,"minecraft:iron_pickaxe":98,"minecraft:iron_boots":1,"minecraft:stone_axe":101,"minecraft:cobblestone":56,"minecraft:furnace":7,"minecraft:cooked_porkchop":3,"minecraft:bucket":4,"minecraft:andesite":8,"minecraft:egg":1,"minecraft:cooked_beef":6}},"DataVersion":3953}