{"stats":{"minecraft:custom":{"minecraft:interact_with_furnace":14,"minecraft:mob_kills":8,"minecraft:interact_with_crafting_table":9,"minecraft:leave_game":6,"minecraft:time_since_death":48547,"minecraft:sleep_in_bed":1,"minecraft:climb_one_cm":593,"minecraft:time_since_rest":37763,"minecraft:sprint_one_cm":48001,"minecraft:damage_taken":316,"minecraft:walk_one_cm":96428,"minecraft:damage_dealt":729,"minecraft:fly_one_cm":51630,"minecraft:open_chest":1,"minecraft:crouch_one_cm":29186,"minecraft:play_time":48547,"minecraft:sneak_time":13183,"minecraft:walk_under_water_one_cm":1196,"minecraft:jump":430,"minecraft:walk_on_water_one_cm":2963,"minecraft:total_world_time":48547,"minecraft:fall_one_cm":13736},"minecraft:mined":{"minecraft:oak_slab":15,"minecraft:jungle_slab":2,"minecraft:crafting_table":4,"minecraft:torch":2,"minecraft:granite":3,"minecraft:short_grass":17,"minecraft:grass_block":27,"minecraft:jungle_log":20,"minecraft:copper_ore":3,"minecraft:tall_grass":2,"minecraft:cobblestone":5,"minecraft:oak_planks":3,"minecraft:wall_torch":2,"minecraft:furnace":3,"minecraft:iron_ore":4,"minecraft:andesite":10,"minecraft:oak_log":18,"minecraft:coal_ore":30,"minecraft:vine":7,"minecraft:dirt":28,"minecraft:stone":77,"minecraft:oak_leaves":63,"minecraft:fern":2},"minecraft:crafted":{"minecraft:cooked_beef":6,"minecraft:oak_slab":48,"minecraft:oak_planks":40,"minecraft:stone_shovel":1,"minecraft:crafting_table":2,"minecraft:wooden_pickaxe":1,"minecraft:cooked_chicken":3,"minecraft:furnace":2,"minecraft:stone_axe":1,"minecraft:jungle_slab":60,"minecraft:air":0,"minecraft:jungle_planks":80,"minecraft:stick":12,"minecraft:iron_ingot":1,"minecraft:stone_pickaxe":1,"minecraft:wooden_axe":1,"minecraft:torch":40},"minecraft:used":{"minecraft:stone_shovel":29,"minecraft:stone_pickaxe":104,"minecraft:oak_planks":3,"minecraft:wooden_pickaxe":32,"minecraft:cooked_chicken":3,"minecraft:torch":20,"minecraft:dirt":50,"minecraft:oak_slab":62,"minecraft:crafting_table":5,"minecraft:jungle_slab":49,"minecraft:oak_log":8,"minecraft:wooden_axe":67,"minecraft:stone_axe":63,"minecraft:cobblestone":28,"minecraft:furnace":4,"minecraft:andesite":5,"minecraft:cooked_beef":2},"minecraft:picked_up":{"minecraft:crafting_table":4,"minecraft:feather":4,"minecraft:chicken":3,"minecraft:andesite":9,"minecraft:jungle_log":20,"minecraft:leather":2,"minecraft:oak_log":18,"minecraft:dirt":50,"minecraft:raw_copper":7,"minecraft:bone":2,"minecraft:apple":2,"minecraft:wheat_seeds":4,"minecraft:beef":6,"minecraft:oak_planks":3,"minecraft:egg":1,"minecraft:furnace":3,"minecraft:raw_iron":4,"minecraft:oak_slab":14,"minecraft:stick":8,"minecraft:torch":4,"minecraft:jungle_slab":2,"minecraft:arrow":1,"minecraft:granite":3,"minecraft:oak_sapling":2,"minecraft:coal":36,"minecraft:cobblestone":81},"minecraft:killed":{"minecraft:skeleton":1,"minecraft:chicken":3,"minecraft:cow":4},"minecraft:broken":{"minecraft:wooden_axe":1}},"DataVersion":3953}