{"stats":{"minecraft:killed_by":{"minecraft:creeper":1},"minecraft:killed":{"minecraft:armadillo":1,"minecraft:spider":1,"minecraft:skeleton":9,"minecraft:chicken":3,"minecraft:pig":1,"minecraft:sheep":1,"minecraft:zombie":10,"minecraft:cow":4},"minecraft:picked_up":{"minecraft:crafting_table":9,"minecraft:chicken":3,"minecraft:wooden_pickaxe":1,"minecraft:shield":1,"minecraft:amethyst_block":8,"minecraft:raw_copper":7,"minecraft:iron_leggings":1,"minecraft:cobbled_deepslate":92,"minecraft:beef":6,"minecraft:calcite":4,"minecraft:iron_pickaxe":1,"minecraft:light_gray_wool":1,"minecraft:iron_boots":1,"minecraft:furnace":6,"minecraft:egg":1,"minecraft:raw_iron":49,"minecraft:stick":12,"minecraft:torch":27,"minecraft:porkchop":3,"minecraft:redstone":125,"minecraft:arrow":8,"minecraft:rotten_flesh":11,"minecraft:blue_dye":1,"minecraft:mutton":1,"minecraft:white_wool":5,"minecraft:cobblestone":334,"minecraft:feather":4,"minecraft:andesite":10,"minecraft:jungle_log":20,"minecraft:leather":2,"minecraft:tuff":2,"minecraft:oak_log":21,"minecraft:lapis_lazuli":37,"minecraft:dirt":69,"minecraft:bone":6,"minecraft:apple":4,"minecraft:bow":2,"minecraft:wheat_seeds":5,"minecraft:raw_gold":39,"minecraft:iron_ingot":1,"minecraft:oak_planks":97,"minecraft:iron_sword":1,"minecraft:oak_slab":14,"minecraft:gravel":2,"minecraft:lava_bucket":1,"minecraft:jungle_slab":2,"minecraft:diamond":7,"minecraft:granite":57,"minecraft:oak_sapling":2,"minecraft:coal":216},"minecraft:mined":{"minecraft:tuff":1,"minecraft:deepslate_diamond_ore":5,"minecraft:jungle_slab":2,"minecraft:granite":36,"minecraft:glow_lichen":1,"minecraft:budding_amethyst":1,"minecraft:grass_block":46,"minecraft:jungle_log":20,"minecraft:furnace":6,"minecraft:iron_ore":42,"minecraft:andesite":10,"minecraft:deepslate_lapis_ore":5,"minecraft:vine":7,"minecraft:deepslate_iron_ore":3,"minecraft:stone":182,"minecraft:deepslate_redstone_ore":17,"minecraft:oak_slab":15,"minecraft:crafting_table":9,"minecraft:torch":5,"minecraft:short_grass":28,"minecraft:calcite":4,"minecraft:tall_grass":2,"minecraft:copper_ore":3,"minecraft:cobblestone":18,"minecraft:deepslate_gold_ore":20,"minecraft:oak_planks":6,"minecraft:wall_torch":5,"minecraft:amethyst_block":14,"minecraft:oak_log":21,"minecraft:coal_ore":90,"minecraft:gravel":3,"minecraft:dirt":29,"minecraft:smooth_basalt":2,"minecraft:oak_leaves":63,"minecraft:deepslate":95,"minecraft:fern":2},"minecraft:crafted":{"minecraft:oak_planks":52,"minecraft:stone_shovel":1,"minecraft:cooked_chicken":3,"minecraft:furnace":4,"minecraft:cooked_mutton":1,"minecraft:iron_boots":1,"minecraft:stone_pickaxe":3,"minecraft:cooked_beef":6,"minecraft:oak_slab":48,"minecraft:cooked_porkchop":3,"minecraft:crafting_table":4,"minecraft:wooden_pickaxe":2,"minecraft:iron_sword":1,"minecraft:bucket":1,"minecraft:stone_axe":1,"minecraft:jungle_slab":60,"minecraft:air":0,"minecraft:jungle_planks":80,"minecraft:blue_dye":1,"minecraft:iron_chestplate":1,"minecraft:golden_apple":2,"minecraft:diamond_pickaxe":1,"minecraft:shield":1,"minecraft:stick":60,"minecraft:iron_ingot":41,"minecraft:iron_pickaxe":1,"minecraft:wooden_axe":1,"minecraft:gold_ingot":16,"minecraft:iron_leggings":1,"minecraft:white_bed":1,"minecraft:torch":188},"minecraft:broken":{"minecraft:stone_pickaxe":3,"minecraft:stone_axe":1,"minecraft:wooden_axe":1},"minecraft:custom":{"minecraft:mob_kills":30,"minecraft:interact_with_crafting_table":34,"minecraft:leave_game":8,"minecraft:time_since_death":17722,"minecraft:climb_one_cm":593,"minecraft:sprint_one_cm":159032,"minecraft:walk_one_cm":312749,"minecraft:damage_blocked_by_shield":1825,"minecraft:drop":18,"minecraft:play_time":138098,"minecraft:deaths":1,"minecraft:sneak_time":18413,"minecraft:walk_under_water_one_cm":1196,"minecraft:jump":1596,"minecraft:walk_on_water_one_cm":4133,"minecraft:total_world_time":138098,"minecraft:interact_with_furnace":43,"minecraft:sleep_in_bed":1,"minecraft:time_since_rest":17801,"minecraft:damage_taken":1306,"minecraft:damage_dealt":4579,"minecraft:fly_one_cm":189618,"minecraft:open_chest":2,"minecraft:crouch_one_cm":39457,"minecraft:fall_one_cm":46393},"minecraft:dropped":{"minecraft:wheat_seeds":5,"minecraft:feather":4,"minecraft:amethyst_block":8,"minecraft:leather":2,"minecraft:dirt":3,"minecraft:white_wool":2,"minecraft:acacia_planks":1,"minecraft:bone":6,"minecraft:gravel":2,"minecraft:raw_copper":7,"minecraft:raw_iron":2,"minecraft:rotten_flesh":6,"minecraft:light_gray_wool":1,"minecraft:oak_sapling":2},"minecraft:used":{"minecraft:stone_shovel":44,"minecraft:shield":46,"minecraft:iron_sword":25,"minecraft:cooked_chicken":3,"minecraft:rotten_flesh":3,"minecraft:torch":202,"minecraft:dirt":66,"minecraft:jungle_planks":8,"minecraft:jungle_slab":49,"minecraft:granite":13,"minecraft:wooden_axe":67,"minecraft:lava_bucket":4,"minecraft:iron_boots":1,"minecraft:furnace":8,"minecraft:egg":1,"minecraft:cooked_beef":6,"minecraft:calcite":4,"minecraft:cooked_mutton":1,"minecraft:stone_pickaxe":394,"minecraft:oak_planks":9,"minecraft:wooden_pickaxe":34,"minecraft:golden_apple":1,"minecraft:oak_slab":62,"minecraft:crafting_table":12,"minecraft:white_bed":1,"minecraft:oak_log":8,"minecraft:diamond_pickaxe":25,"minecraft:iron_pickaxe":113,"minecraft:stone_axe":101,"minecraft:cobblestone":73,"minecraft:cooked_porkchop":3,"minecraft:andesite":8,"minecraft:bucket":5}},"DataVersion":3953}