{"stats":{"minecraft:custom":{"minecraft:interact_with_furnace":22,"minecraft:mob_kills":13,"minecraft:interact_with_crafting_table":22,"minecraft:leave_game":7,"minecraft:time_since_death":88669,"minecraft:sleep_in_bed":1,"minecraft:climb_one_cm":593,"minecraft:time_since_rest":77885,"minecraft:sprint_one_cm":109608,"minecraft:damage_taken":545,"minecraft:walk_one_cm":177765,"minecraft:damage_blocked_by_shield":164,"minecraft:drop":5,"minecraft:damage_dealt":1428,"minecraft:fly_one_cm":153345,"minecraft:open_chest":2,"minecraft:crouch_one_cm":35529,"minecraft:play_time":88669,"minecraft:sneak_time":16259,"minecraft:walk_under_water_one_cm":1196,"minecraft:jump":999,"minecraft:walk_on_water_one_cm":3588,"minecraft:total_world_time":88669,"minecraft:fall_one_cm":31203},"minecraft:dropped":{"minecraft:wheat_seeds":5,"minecraft:raw_copper":7,"minecraft:raw_iron":2,"minecraft:feather":4},"minecraft:mined":{"minecraft:oak_slab":15,"minecraft:jungle_slab":2,"minecraft:glow_lichen":1,"minecraft:crafting_table":7,"minecraft:torch":4,"minecraft:granite":29,"minecraft:budding_amethyst":1,"minecraft:short_grass":28,"minecraft:grass_block":46,"minecraft:calcite":4,"minecraft:jungle_log":20,"minecraft:tall_grass":2,"minecraft:copper_ore":3,"minecraft:cobblestone":7,"minecraft:oak_planks":3,"minecraft:wall_torch":5,"minecraft:amethyst_block":14,"minecraft:furnace":4,"minecraft:iron_ore":42,"minecraft:andesite":10,"minecraft:oak_log":18,"minecraft:coal_ore":79,"minecraft:vine":7,"minecraft:gravel":3,"minecraft:dirt":29,"minecraft:smooth_basalt":2,"minecraft:stone":143,"minecraft:oak_leaves":63,"minecraft:fern":2},"minecraft:crafted":{"minecraft:cooked_beef":6,"minecraft:oak_slab":48,"minecraft:oak_planks":40,"minecraft:stone_shovel":1,"minecraft:crafting_table":3,"minecraft:wooden_pickaxe":1,"minecraft:cooked_chicken":3,"minecraft:furnace":2,"minecraft:bucket":1,"minecraft:stone_axe":1,"minecraft:jungle_slab":60,"minecraft:air":0,"minecraft:jungle_planks":80,"minecraft:iron_boots":1,"minecraft:shield":1,"minecraft:stick":32,"minecraft:iron_ingot":11,"minecraft:iron_pickaxe":1,"minecraft:stone_pickaxe":3,"minecraft:wooden_axe":1,"minecraft:white_bed":1,"minecraft:torch":72},"minecraft:used":{"minecraft:calcite":4,"minecraft:stone_shovel":44,"minecraft:stone_pickaxe":312,"minecraft:oak_planks":4,"minecraft:shield":5,"minecraft:wooden_pickaxe":32,"minecraft:cooked_chicken":3,"minecraft:torch":81,"minecraft:dirt":66,"minecraft:oak_slab":62,"minecraft:crafting_table":9,"minecraft:jungle_planks":8,"minecraft:jungle_slab":49,"minecraft:white_bed":1,"minecraft:granite":13,"minecraft:oak_log":8,"minecraft:wooden_axe":67,"minecraft:iron_boots":1,"minecraft:stone_axe":85,"minecraft:cobblestone":34,"minecraft:furnace":5,"minecraft:bucket":1,"minecraft:andesite":8,"minecraft:cooked_beef":6},"minecraft:picked_up":{"minecraft:crafting_table":7,"minecraft:feather":4,"minecraft:chicken":3,"minecraft:andesite":9,"minecraft:jungle_log":20,"minecraft:leather":2,"minecraft:oak_log":18,"minecraft:amethyst_block":8,"minecraft:dirt":69,"minecraft:raw_copper":7,"minecraft:bone":4,"minecraft:apple":2,"minecraft:bow":1,"minecraft:wheat_seeds":5,"minecraft:beef":6,"minecraft:calcite":4,"minecraft:light_gray_wool":1,"minecraft:oak_planks":49,"minecraft:egg":1,"minecraft:furnace":4,"minecraft:oak_slab":14,"minecraft:stick":8,"minecraft:raw_iron":43,"minecraft:torch":9,"minecraft:gravel":2,"minecraft:porkchop":3,"minecraft:jungle_slab":2,"minecraft:arrow":1,"minecraft:granite":28,"minecraft:oak_sapling":2,"minecraft:mutton":1,"minecraft:coal":132,"minecraft:white_wool":5,"minecraft:cobblestone":148},"minecraft:killed":{"minecraft:armadillo":1,"minecraft:pig":1,"minecraft:sheep":1,"minecraft:skeleton":2,"minecraft:zombie":1,"minecraft:chicken":3,"minecraft:cow":4},"minecraft:broken":{"minecraft:stone_pickaxe":2,"minecraft:wooden_axe":1}},"DataVersion":3953}