{"stats":{"minecraft:custom":{"minecraft:time_since_rest":5647,"minecraft:interact_with_furnace":5,"minecraft:sprint_one_cm":32370,"minecraft:damage_taken":146,"minecraft:walk_one_cm":53508,"minecraft:mob_kills":7,"minecraft:damage_dealt":530,"minecraft:interact_with_crafting_table":2,"minecraft:fly_one_cm":36784,"minecraft:open_chest":1,"minecraft:crouch_one_cm":1408,"minecraft:play_time":16431,"minecraft:sneak_time":1018,"minecraft:walk_under_water_one_cm":131,"minecraft:jump":241,"minecraft:leave_game":1,"minecraft:walk_on_water_one_cm":782,"minecraft:time_since_death":16431,"minecraft:sleep_in_bed":1,"minecraft:total_world_time":16431,"minecraft:fall_one_cm":9722},"minecraft:mined":{"minecraft:furnace":1,"minecraft:crafting_table":1,"minecraft:short_grass":14,"minecraft:oak_log":9,"minecraft:grass_block":3,"minecraft:coal_ore":2,"minecraft:jungle_log":7,"minecraft:vine":4,"minecraft:dirt":3,"minecraft:tall_grass":2,"minecraft:stone":29,"minecraft:oak_leaves":6},"minecraft:crafted":{"minecraft:oak_planks":20,"minecraft:crafting_table":1,"minecraft:stick":8,"minecraft:cooked_chicken":3,"minecraft:wooden_pickaxe":1,"minecraft:wooden_axe":1,"minecraft:furnace":1,"minecraft:air":0},"minecraft:used":{"minecraft:wooden_axe":47,"minecraft:wooden_pickaxe":32,"minecraft:cooked_chicken":3,"minecraft:dirt":3,"minecraft:cobblestone":1,"minecraft:crafting_table":2,"minecraft:furnace":1},"minecraft:picked_up":{"minecraft:crafting_table":1,"minecraft:feather":4,"minecraft:chicken":3,"minecraft:jungle_log":7,"minecraft:leather":2,"minecraft:oak_log":9,"minecraft:dirt":6,"minecraft:wheat_seeds":1,"minecraft:beef":6,"minecraft:coal":1,"minecraft:furnace":1,"minecraft:cobblestone":29,"minecraft:egg":1},"minecraft:killed":{"minecraft:chicken":3,"minecraft:cow":4}},"DataVersion":3953}