{"stats":{"minecraft:custom":{"minecraft:interact_with_furnace":16,"minecraft:mob_kills":11,"minecraft:interact_with_crafting_table":12,"minecraft:leave_game":6,"minecraft:time_since_death":72289,"minecraft:sleep_in_bed":1,"minecraft:climb_one_cm":593,"minecraft:time_since_rest":61505,"minecraft:sprint_one_cm":97292,"minecraft:damage_taken":326,"minecraft:walk_one_cm":135727,"minecraft:drop":2,"minecraft:damage_dealt":1029,"minecraft:fly_one_cm":148983,"minecraft:open_chest":2,"minecraft:crouch_one_cm":33680,"minecraft:play_time":72289,"minecraft:sneak_time":14626,"minecraft:walk_under_water_one_cm":1196,"minecraft:jump":860,"minecraft:walk_on_water_one_cm":3588,"minecraft:total_world_time":72289,"minecraft:fall_one_cm":28457},"minecraft:dropped":{"minecraft:raw_iron":2},"minecraft:mined":{"minecraft:oak_slab":15,"minecraft:jungle_slab":2,"minecraft:crafting_table":5,"minecraft:torch":3,"minecraft:granite":9,"minecraft:short_grass":28,"minecraft:grass_block":46,"minecraft:jungle_log":20,"minecraft:tall_grass":2,"minecraft:copper_ore":3,"minecraft:cobblestone":5,"minecraft:oak_planks":3,"minecraft:wall_torch":2,"minecraft:furnace":3,"minecraft:iron_ore":12,"minecraft:andesite":10,"minecraft:oak_log":18,"minecraft:coal_ore":67,"minecraft:vine":7,"minecraft:gravel":3,"minecraft:dirt":29,"minecraft:stone":92,"minecraft:oak_leaves":63,"minecraft:fern":2},"minecraft:crafted":{"minecraft:cooked_beef":6,"minecraft:oak_slab":48,"minecraft:oak_planks":40,"minecraft:stone_shovel":1,"minecraft:crafting_table":2,"minecraft:wooden_pickaxe":1,"minecraft:cooked_chicken":3,"minecraft:furnace":2,"minecraft:bucket":1,"minecraft:stone_axe":1,"minecraft:jungle_slab":60,"minecraft:air":0,"minecraft:jungle_planks":80,"minecraft:stick":32,"minecraft:iron_ingot":3,"minecraft:stone_pickaxe":2,"minecraft:wooden_axe":1,"minecraft:torch":40},"minecraft:used":{"minecraft:stone_shovel":44,"minecraft:stone_pickaxe":174,"minecraft:oak_planks":3,"minecraft:wooden_pickaxe":32,"minecraft:cooked_chicken":3,"minecraft:torch":36,"minecraft:dirt":66,"minecraft:oak_slab":62,"minecraft:crafting_table":7,"minecraft:jungle_slab":49,"minecraft:oak_log":8,"minecraft:wooden_axe":67,"minecraft:stone_axe":73,"minecraft:cobblestone":28,"minecraft:furnace":4,"minecraft:bucket":1,"minecraft:andesite":8,"minecraft:cooked_beef":4},"minecraft:picked_up":{"minecraft:crafting_table":5,"minecraft:feather":4,"minecraft:chicken":3,"minecraft:andesite":9,"minecraft:jungle_log":20,"minecraft:leather":2,"minecraft:oak_log":18,"minecraft:dirt":69,"minecraft:raw_copper":7,"minecraft:bone":2,"minecraft:apple":2,"minecraft:wheat_seeds":5,"minecraft:beef":6,"minecraft:light_gray_wool":1,"minecraft:oak_planks":49,"minecraft:egg":1,"minecraft:furnace":3,"minecraft:oak_slab":14,"minecraft:stick":8,"minecraft:raw_iron":13,"minecraft:torch":5,"minecraft:gravel":2,"minecraft:porkchop":3,"minecraft:jungle_slab":2,"minecraft:arrow":1,"minecraft:granite":9,"minecraft:oak_sapling":2,"minecraft:mutton":1,"minecraft:coal":73,"minecraft:white_wool":5,"minecraft:cobblestone":95},"minecraft:killed":{"minecraft:armadillo":1,"minecraft:pig":1,"minecraft:sheep":1,"minecraft:skeleton":1,"minecraft:chicken":3,"minecraft:cow":4},"minecraft:broken":{"minecraft:stone_pickaxe":1,"minecraft:wooden_axe":1}},"DataVersion":3953}