{"stats":{"minecraft:custom":{"minecraft:interact_with_furnace":10,"minecraft:mob_kills":8,"minecraft:interact_with_crafting_table":9,"minecraft:leave_game":5,"minecraft:time_since_death":44414,"minecraft:sleep_in_bed":1,"minecraft:climb_one_cm":593,"minecraft:time_since_rest":33630,"minecraft:sprint_one_cm":47951,"minecraft:damage_taken":316,"minecraft:walk_one_cm":91434,"minecraft:damage_dealt":729,"minecraft:fly_one_cm":51354,"minecraft:open_chest":1,"minecraft:crouch_one_cm":27514,"minecraft:play_time":44414,"minecraft:sneak_time":12042,"minecraft:walk_under_water_one_cm":1196,"minecraft:jump":407,"minecraft:walk_on_water_one_cm":2963,"minecraft:total_world_time":44414,"minecraft:fall_one_cm":13527},"minecraft:mined":{"minecraft:oak_slab":15,"minecraft:jungle_slab":2,"minecraft:crafting_table":4,"minecraft:torch":2,"minecraft:short_grass":17,"minecraft:grass_block":27,"minecraft:jungle_log":20,"minecraft:tall_grass":2,"minecraft:oak_planks":3,"minecraft:wall_torch":1,"minecraft:furnace":1,"minecraft:oak_log":18,"minecraft:coal_ore":17,"minecraft:vine":7,"minecraft:dirt":28,"minecraft:stone":62,"minecraft:oak_leaves":63,"minecraft:fern":2},"minecraft:crafted":{"minecraft:cooked_beef":2,"minecraft:oak_slab":48,"minecraft:oak_planks":40,"minecraft:stone_shovel":1,"minecraft:crafting_table":2,"minecraft:wooden_pickaxe":1,"minecraft:cooked_chicken":3,"minecraft:furnace":2,"minecraft:stone_axe":1,"minecraft:jungle_slab":60,"minecraft:air":0,"minecraft:jungle_planks":80,"minecraft:stick":12,"minecraft:stone_pickaxe":1,"minecraft:wooden_axe":1,"minecraft:torch":40},"minecraft:used":{"minecraft:stone_shovel":29,"minecraft:stone_pickaxe":48,"minecraft:oak_planks":3,"minecraft:wooden_pickaxe":32,"minecraft:cooked_chicken":3,"minecraft:torch":20,"minecraft:dirt":50,"minecraft:oak_slab":62,"minecraft:crafting_table":5,"minecraft:jungle_slab":49,"minecraft:oak_log":8,"minecraft:wooden_axe":67,"minecraft:stone_axe":63,"minecraft:cobblestone":28,"minecraft:furnace":3,"minecraft:cooked_beef":2},"minecraft:picked_up":{"minecraft:crafting_table":4,"minecraft:feather":4,"minecraft:chicken":3,"minecraft:jungle_log":20,"minecraft:leather":2,"minecraft:oak_log":18,"minecraft:dirt":50,"minecraft:bone":2,"minecraft:apple":2,"minecraft:wheat_seeds":4,"minecraft:beef":6,"minecraft:oak_planks":3,"minecraft:egg":1,"minecraft:furnace":1,"minecraft:oak_slab":14,"minecraft:stick":8,"minecraft:torch":3,"minecraft:jungle_slab":2,"minecraft:arrow":1,"minecraft:oak_sapling":2,"minecraft:coal":16,"minecraft:cobblestone":61},"minecraft:killed":{"minecraft:skeleton":1,"minecraft:chicken":3,"minecraft:cow":4},"minecraft:broken":{"minecraft:wooden_axe":1}},"DataVersion":3953}