{"stats":{"minecraft:killed_by":{"minecraft:player":29},"minecraft:killed":{"minecraft:spider":1,"minecraft:skeleton":1},"minecraft:picked_up":{"minecraft:crafting_table":2,"minecraft:cooked_beef":6,"minecraft:leather_leggings":2,"minecraft:wooden_pickaxe":2,"minecraft:oak_log":19,"minecraft:shield":5,"minecraft:string":1,"minecraft:dirt":30,"minecraft:cooked_mutton":4,"minecraft:bone":1,"minecraft:acacia_planks":8,"minecraft:cobbled_deepslate":1,"minecraft:stone_pickaxe":4,"minecraft:iron_ingot":30,"minecraft:iron_pickaxe":1,"minecraft:oak_planks":148,"minecraft:furnace":1,"minecraft:stick":2,"minecraft:raw_iron":14,"minecraft:cooked_porkchop":2,"minecraft:torch":180,"minecraft:acacia_log":4,"minecraft:white_bed":1,"minecraft:orange_bed":1,"minecraft:stone_sword":4,"minecraft:melon_seeds":11,"minecraft:coal":328,"minecraft:cobblestone":74},"minecraft:mined":{"minecraft:white_bed":1,"minecraft:attached_melon_stem":3,"minecraft:melon_stem":10,"minecraft:crafting_table":2,"minecraft:torch":1,"minecraft:short_grass":6,"minecraft:acacia_log":4,"minecraft:grass_block":15,"minecraft:tall_grass":6,"minecraft:cobblestone":4,"minecraft:oak_planks":1,"minecraft:wall_torch":3,"minecraft:iron_ore":8,"minecraft:cobbled_deepslate":1,"minecraft:coal_ore":132,"minecraft:oak_log":19,"minecraft:dirt":14,"minecraft:stone":67,"minecraft:oak_leaves":4},"minecraft:crafted":{"minecraft:oak_planks":76,"minecraft:crafting_table":2,"minecraft:wooden_pickaxe":2,"minecraft:bone_meal":3,"minecraft:stone_axe":1,"minecraft:air":0,"minecraft:shield":1,"minecraft:stick":32,"minecraft:iron_ingot":14,"minecraft:iron_pickaxe":1,"minecraft:stone_pickaxe":2,"minecraft:wooden_axe":1,"minecraft:stone_sword":1,"minecraft:acacia_planks":16,"minecraft:torch":72},"minecraft:broken":{"minecraft:stone_pickaxe":1},"minecraft:custom":{"minecraft:interact_with_furnace":28,"minecraft:mob_kills":2,"minecraft:interact_with_crafting_table":8,"minecraft:leave_game":16,"minecraft:time_since_death":80,"minecraft:sleep_in_bed":2,"minecraft:climb_one_cm":1045,"minecraft:time_since_rest":103,"minecraft:sprint_one_cm":115316,"minecraft:damage_taken":9544,"minecraft:walk_one_cm":180839,"minecraft:damage_blocked_by_shield":349,"minecraft:drop":60,"minecraft:damage_dealt":1677,"minecraft:swim_one_cm":1600,"minecraft:fly_one_cm":253501,"minecraft:player_kills":3,"minecraft:open_chest":26,"minecraft:crouch_one_cm":3690,"minecraft:play_time":67253,"minecraft:deaths":32,"minecraft:sneak_time":2618,"minecraft:walk_under_water_one_cm":8247,"minecraft:jump":1653,"minecraft:walk_on_water_one_cm":10660,"minecraft:total_world_time":67253,"minecraft:fall_one_cm":80049},"minecraft:dropped":{"minecraft:diamond":4,"minecraft:cobblestone":45,"minecraft:coal":5,"minecraft:dirt":1,"minecraft:melon_seeds":7,"minecraft:stone_pickaxe":1,"minecraft:wooden_pickaxe":1},"minecraft:used":{"minecraft:cooked_mutton":1,"minecraft:stone_sword":21,"minecraft:leather_leggings":2,"minecraft:stone_pickaxe":209,"minecraft:oak_planks":1,"minecraft:wooden_pickaxe":9,"minecraft:shield":24,"minecraft:iron_sword":14,"minecraft:stone_hoe":9,"minecraft:cooked_chicken":3,"minecraft:torch":14,"minecraft:dirt":25,"minecraft:crafting_table":2,"minecraft:white_bed":2,"minecraft:iron_pickaxe":7,"minecraft:stone_axe":27,"minecraft:cobblestone":12,"minecraft:bow":8,"minecraft:cooked_beef":6,"minecraft:cobbled_deepslate":23,"minecraft:bone_meal":3}},"DataVersion":3953}