{"stats":{"minecraft:custom":{"minecraft:time_since_rest":8212,"minecraft:interact_with_furnace":9,"minecraft:sprint_one_cm":31692,"minecraft:damage_taken":244,"minecraft:walk_one_cm":46750,"minecraft:damage_blocked_by_shield":30,"minecraft:mob_kills":1,"minecraft:drop":3,"minecraft:damage_dealt":207,"minecraft:interact_with_crafting_table":5,"minecraft:fly_one_cm":81321,"minecraft:open_chest":13,"minecraft:crouch_one_cm":936,"minecraft:play_time":20458,"minecraft:sneak_time":663,"minecraft:jump":444,"minecraft:time_since_death":20458,"minecraft:walk_on_water_one_cm":2534,"minecraft:sleep_in_bed":1,"minecraft:total_world_time":20458,"minecraft:climb_one_cm":1045,"minecraft:fall_one_cm":19523},"minecraft:dropped":{"minecraft:dirt":1,"minecraft:stone_pickaxe":1,"minecraft:wooden_pickaxe":1},"minecraft:mined":{"minecraft:iron_ore":4,"minecraft:crafting_table":2,"minecraft:oak_log":16,"minecraft:grass_block":1,"minecraft:coal_ore":97,"minecraft:dirt":2,"minecraft:tall_grass":1,"minecraft:stone":26,"minecraft:oak_planks":1,"minecraft:oak_leaves":2},"minecraft:crafted":{"minecraft:oak_planks":32,"minecraft:shield":1,"minecraft:crafting_table":1,"minecraft:stick":24,"minecraft:iron_pickaxe":1,"minecraft:iron_ingot":4,"minecraft:wooden_pickaxe":1,"minecraft:stone_pickaxe":1,"minecraft:torch":72,"minecraft:stone_axe":1,"minecraft:air":0},"minecraft:used":{"minecraft:leather_leggings":1,"minecraft:stone_pickaxe":125,"minecraft:oak_planks":1,"minecraft:shield":1,"minecraft:wooden_pickaxe":3,"minecraft:cooked_chicken":1,"minecraft:torch":12,"minecraft:stone_axe":14,"minecraft:dirt":2,"minecraft:crafting_table":2,"minecraft:white_bed":1,"minecraft:cooked_beef":2},"minecraft:picked_up":{"minecraft:stick":2,"minecraft:raw_iron":4,"minecraft:crafting_table":2,"minecraft:cooked_beef":6,"minecraft:oak_log":16,"minecraft:dirt":3,"minecraft:bone":1,"minecraft:stone_pickaxe":1,"minecraft:oak_planks":1,"minecraft:coal":96,"minecraft:cobblestone":24},"minecraft:killed":{"minecraft:skeleton":1}},"DataVersion":3953}