{"stats":{"minecraft:custom":{"minecraft:time_since_rest":11778,"minecraft:interact_with_furnace":28,"minecraft:sprint_one_cm":53696,"minecraft:damage_taken":622,"minecraft:walk_one_cm":90179,"minecraft:damage_blocked_by_shield":303,"minecraft:mob_kills":2,"minecraft:drop":48,"minecraft:damage_dealt":477,"minecraft:interact_with_crafting_table":6,"minecraft:swim_one_cm":667,"minecraft:fly_one_cm":138770,"minecraft:open_chest":13,"minecraft:crouch_one_cm":2806,"minecraft:play_time":39261,"minecraft:sneak_time":1437,"minecraft:walk_under_water_one_cm":1960,"minecraft:jump":876,"minecraft:leave_game":3,"minecraft:walk_on_water_one_cm":3734,"minecraft:time_since_death":39261,"minecraft:sleep_in_bed":2,"minecraft:climb_one_cm":1045,"minecraft:total_world_time":39261,"minecraft:fall_one_cm":26522},"minecraft:dropped":{"minecraft:dirt":1,"minecraft:cobblestone":45,"minecraft:stone_pickaxe":1,"minecraft:wooden_pickaxe":1},"minecraft:mined":{"minecraft:white_bed":1,"minecraft:iron_ore":8,"minecraft:crafting_table":2,"minecraft:oak_log":19,"minecraft:grass_block":6,"minecraft:coal_ore":132,"minecraft:dirt":3,"minecraft:tall_grass":1,"minecraft:cobblestone":3,"minecraft:stone":67,"minecraft:oak_planks":1,"minecraft:oak_leaves":4},"minecraft:crafted":{"minecraft:oak_planks":76,"minecraft:shield":1,"minecraft:crafting_table":1,"minecraft:stick":28,"minecraft:wooden_pickaxe":1,"minecraft:iron_pickaxe":1,"minecraft:iron_ingot":14,"minecraft:stone_pickaxe":2,"minecraft:stone_sword":1,"minecraft:bone_meal":3,"minecraft:torch":72,"minecraft:stone_axe":1,"minecraft:air":0},"minecraft:used":{"minecraft:leather_leggings":1,"minecraft:stone_pickaxe":206,"minecraft:oak_planks":1,"minecraft:iron_pickaxe":6,"minecraft:shield":22,"minecraft:wooden_pickaxe":3,"minecraft:cooked_chicken":1,"minecraft:stone_axe":23,"minecraft:torch":14,"minecraft:dirt":8,"minecraft:cobblestone":10,"minecraft:crafting_table":2,"minecraft:white_bed":2,"minecraft:cooked_beef":6,"minecraft:bone_meal":3},"minecraft:picked_up":{"minecraft:crafting_table":2,"minecraft:stick":2,"minecraft:raw_iron":14,"minecraft:cooked_beef":6,"minecraft:torch":1,"minecraft:oak_log":19,"minecraft:white_bed":1,"minecraft:string":1,"minecraft:dirt":9,"minecraft:bone":1,"minecraft:stone_pickaxe":1,"minecraft:oak_planks":1,"minecraft:coal":131,"minecraft:cobblestone":68},"minecraft:killed":{"minecraft:skeleton":1,"minecraft:spider":1},"minecraft:broken":{"minecraft:stone_pickaxe":1}},"DataVersion":3953}