{"stats":{"minecraft:custom":{"minecraft:jump":25,"minecraft:time_since_rest":2458,"minecraft:damage_taken":10,"minecraft:sprint_one_cm":2263,"minecraft:play_time":2458,"minecraft:time_since_death":2458,"minecraft:walk_one_cm":2789,"minecraft:total_world_time":2458,"minecraft:fall_one_cm":1496,"minecraft:fly_one_cm":5498},"minecraft:mined":{"minecraft:oak_log":8,"minecraft:oak_leaves":1,"minecraft:dirt":2},"minecraft:picked_up":{"minecraft:stick":2,"minecraft:oak_log":8,"minecraft:dirt":2}},"DataVersion":3953}