{"stats":{"minecraft:killed_by":{"minecraft:player":24},"minecraft:killed":{"minecraft:spider":1,"minecraft:skeleton":1},"minecraft:picked_up":{"minecraft:crafting_table":2,"minecraft:cooked_beef":6,"minecraft:leather_leggings":2,"minecraft:wooden_pickaxe":2,"minecraft:oak_log":19,"minecraft:shield":5,"minecraft:string":1,"minecraft:dirt":22,"minecraft:cooked_mutton":4,"minecraft:bone":1,"minecraft:acacia_planks":8,"minecraft:stone_pickaxe":4,"minecraft:iron_ingot":30,"minecraft:iron_pickaxe":1,"minecraft:oak_planks":148,"minecraft:furnace":1,"minecraft:stick":2,"minecraft:raw_iron":14,"minecraft:cooked_porkchop":2,"minecraft:torch":180,"minecraft:acacia_log":3,"minecraft:white_bed":1,"minecraft:orange_bed":1,"minecraft:stone_sword":4,"minecraft:melon_seeds":7,"minecraft:coal":328,"minecraft:cobblestone":73},"minecraft:mined":{"minecraft:white_bed":1,"minecraft:attached_melon_stem":1,"minecraft:melon_stem":3,"minecraft:crafting_table":2,"minecraft:torch":1,"minecraft:short_grass":6,"minecraft:acacia_log":3,"minecraft:grass_block":12,"minecraft:tall_grass":6,"minecraft:cobblestone":3,"minecraft:oak_planks":1,"minecraft:wall_torch":2,"minecraft:iron_ore":8,"minecraft:coal_ore":132,"minecraft:oak_log":19,"minecraft:dirt":10,"minecraft:stone":67,"minecraft:oak_leaves":4},"minecraft:crafted":{"minecraft:oak_planks":76,"minecraft:crafting_table":2,"minecraft:wooden_pickaxe":1,"minecraft:bone_meal":3,"minecraft:stone_axe":1,"minecraft:air":0,"minecraft:shield":1,"minecraft:stick":32,"minecraft:iron_ingot":14,"minecraft:iron_pickaxe":1,"minecraft:stone_pickaxe":2,"minecraft:stone_sword":1,"minecraft:acacia_planks":8,"minecraft:torch":72},"minecraft:broken":{"minecraft:stone_pickaxe":1},"minecraft:custom":{"minecraft:interact_with_furnace":28,"minecraft:mob_kills":2,"minecraft:interact_with_crafting_table":7,"minecraft:leave_game":14,"minecraft:time_since_death":1246,"minecraft:sleep_in_bed":2,"minecraft:climb_one_cm":1045,"minecraft:time_since_rest":1273,"minecraft:sprint_one_cm":107256,"minecraft:damage_taken":8287,"minecraft:walk_one_cm":169086,"minecraft:damage_blocked_by_shield":349,"minecraft:drop":60,"minecraft:damage_dealt":1664,"minecraft:swim_one_cm":1600,"minecraft:fly_one_cm":248261,"minecraft:player_kills":3,"minecraft:open_chest":24,"minecraft:crouch_one_cm":3458,"minecraft:play_time":62930,"minecraft:deaths":27,"minecraft:sneak_time":1927,"minecraft:walk_under_water_one_cm":5615,"minecraft:jump":1568,"minecraft:walk_on_water_one_cm":8399,"minecraft:total_world_time":62930,"minecraft:fall_one_cm":78661},"minecraft:dropped":{"minecraft:diamond":4,"minecraft:cobblestone":45,"minecraft:coal":5,"minecraft:dirt":1,"minecraft:melon_seeds":7,"minecraft:stone_pickaxe":1,"minecraft:wooden_pickaxe":1},"minecraft:used":{"minecraft:cooked_mutton":1,"minecraft:stone_sword":21,"minecraft:leather_leggings":2,"minecraft:stone_pickaxe":209,"minecraft:oak_planks":1,"minecraft:wooden_pickaxe":7,"minecraft:shield":24,"minecraft:iron_sword":14,"minecraft:stone_hoe":9,"minecraft:cooked_chicken":3,"minecraft:torch":14,"minecraft:dirt":21,"minecraft:crafting_table":2,"minecraft:white_bed":2,"minecraft:iron_pickaxe":7,"minecraft:stone_axe":27,"minecraft:cobblestone":12,"minecraft:bow":8,"minecraft:cooked_beef":6,"minecraft:cobbled_deepslate":23,"minecraft:bone_meal":3}},"DataVersion":3953}