{"stats":{"minecraft:custom":{"minecraft:time_since_rest":4975,"minecraft:interact_with_furnace":12,"minecraft:sprint_one_cm":46596,"minecraft:damage_taken":304,"minecraft:walk_one_cm":70408,"minecraft:damage_blocked_by_shield":30,"minecraft:mob_kills":2,"minecraft:drop":3,"minecraft:damage_dealt":367,"minecraft:swim_one_cm":667,"minecraft:interact_with_crafting_table":6,"minecraft:fly_one_cm":120408,"minecraft:open_chest":13,"minecraft:crouch_one_cm":936,"minecraft:play_time":32458,"minecraft:sneak_time":684,"minecraft:walk_under_water_one_cm":1058,"minecraft:jump":692,"minecraft:time_since_death":32458,"minecraft:walk_on_water_one_cm":3517,"minecraft:sleep_in_bed":2,"minecraft:total_world_time":32458,"minecraft:climb_one_cm":1045,"minecraft:fall_one_cm":22999},"minecraft:dropped":{"minecraft:dirt":1,"minecraft:stone_pickaxe":1,"minecraft:wooden_pickaxe":1},"minecraft:crafted":{"minecraft:oak_planks":76,"minecraft:shield":1,"minecraft:crafting_table":1,"minecraft:stick":28,"minecraft:iron_pickaxe":1,"minecraft:iron_ingot":4,"minecraft:wooden_pickaxe":1,"minecraft:stone_pickaxe":2,"minecraft:stone_sword":1,"minecraft:bone_meal":3,"minecraft:torch":72,"minecraft:stone_axe":1,"minecraft:air":0},"minecraft:mined":{"minecraft:white_bed":1,"minecraft:iron_ore":8,"minecraft:crafting_table":2,"minecraft:oak_log":19,"minecraft:grass_block":4,"minecraft:coal_ore":114,"minecraft:dirt":3,"minecraft:cobblestone":3,"minecraft:tall_grass":1,"minecraft:stone":65,"minecraft:oak_planks":1,"minecraft:oak_leaves":4},"minecraft:used":{"minecraft:leather_leggings":1,"minecraft:stone_pickaxe":186,"minecraft:iron_pickaxe":6,"minecraft:oak_planks":1,"minecraft:shield":1,"minecraft:wooden_pickaxe":3,"minecraft:cooked_chicken":1,"minecraft:torch":14,"minecraft:stone_axe":22,"minecraft:dirt":2,"minecraft:cobblestone":10,"minecraft:crafting_table":2,"minecraft:white_bed":2,"minecraft:cooked_beef":4,"minecraft:bone_meal":3},"minecraft:picked_up":{"minecraft:stick":2,"minecraft:raw_iron":14,"minecraft:crafting_table":2,"minecraft:cooked_beef":6,"minecraft:torch":1,"minecraft:oak_log":19,"minecraft:white_bed":1,"minecraft:string":1,"minecraft:dirt":7,"minecraft:bone":1,"minecraft:stone_pickaxe":1,"minecraft:oak_planks":1,"minecraft:coal":113,"minecraft:cobblestone":66},"minecraft:killed":{"minecraft:skeleton":1,"minecraft:spider":1},"minecraft:broken":{"minecraft:stone_pickaxe":1}},"DataVersion":3953}