{"stats":{"minecraft:custom":{"minecraft:mob_kills":67,"minecraft:interact_with_crafting_table":43,"minecraft:open_barrel":1,"minecraft:leave_game":40,"minecraft:time_since_death":52821,"minecraft:climb_one_cm":2539,"minecraft:sprint_one_cm":430080,"minecraft:walk_one_cm":806752,"minecraft:damage_blocked_by_shield":223,"minecraft:drop":56,"minecraft:talked_to_villager":2,"minecraft:play_time":272849,"minecraft:deaths":1,"minecraft:sneak_time":3221,"minecraft:walk_under_water_one_cm":6199,"minecraft:jump":2912,"minecraft:walk_on_water_one_cm":15734,"minecraft:total_world_time":272849,"minecraft:interact_with_furnace":141,"minecraft:interact_with_cartography_table":1,"minecraft:interact_with_stonecutter":21,"minecraft:sleep_in_bed":20,"minecraft:time_since_rest":39017,"minecraft:damage_taken":1924,"minecraft:damage_dealt":9672,"minecraft:swim_one_cm":4817,"minecraft:fly_one_cm":445789,"minecraft:open_chest":89,"minecraft:crouch_one_cm":6546,"minecraft:fall_one_cm":67136},"minecraft:killed_by":{"minecraft:zombie":1},"minecraft:dropped":{"minecraft:wheat_seeds":22,"minecraft:cooked_beef":6,"minecraft:cooked_porkchop":4,"minecraft:jungle_planks":14,"minecraft:leather_helmet":1,"minecraft:dirt":4,"minecraft:raw_iron":4,"minecraft:rotten_flesh":1,"minecraft:leather_leggings":1},"minecraft:crafted":{"minecraft:oak_planks":60,"minecraft:stone_brick_wall":4,"minecraft:furnace":13,"minecraft:stone":320,"minecraft:cobblestone_stairs":10,"minecraft:cooked_mutton":12,"minecraft:stone_brick_slab":2,"minecraft:iron_boots":1,"minecraft:melon_seeds":17,"minecraft:stone_pickaxe":6,"minecraft:chest":4,"minecraft:stone_hoe":1,"minecraft:stone_bricks":316,"minecraft:wheat":117,"minecraft:cooked_beef":16,"minecraft:diamond_sword":1,"minecraft:cooked_porkchop":16,"minecraft:crafting_table":4,"minecraft:wooden_pickaxe":1,"minecraft:iron_helmet":1,"minecraft:iron_sword":1,"minecraft:bucket":1,"minecraft:stone_axe":1,"minecraft:bread":39,"minecraft:air":0,"minecraft:jungle_planks":36,"minecraft:stone_brick_stairs":36,"minecraft:iron_chestplate":1,"minecraft:diamond_pickaxe":1,"minecraft:shield":1,"minecraft:stick":32,"minecraft:iron_ingot":55,"minecraft:iron_pickaxe":2,"minecraft:stone_sword":1,"minecraft:iron_leggings":1,"minecraft:stonecutter":1,"minecraft:white_bed":2,"minecraft:acacia_planks":4,"minecraft:torch":24,"minecraft:diamond_chestplate":1},"minecraft:mined":{"minecraft:tuff":9,"minecraft:white_bed":4,"minecraft:deepslate_diamond_ore":17,"minecraft:cobblestone_stairs":1,"minecraft:acacia_log":1,"minecraft:grass_block":124,"minecraft:jungle_log":11,"minecraft:cartography_table":1,"minecraft:hay_block":14,"minecraft:furnace":5,"minecraft:iron_ore":31,"minecraft:cobbled_deepslate":2,"minecraft:deepslate_lapis_ore":2,"minecraft:pointed_dripstone":1,"minecraft:dirt_path":1,"minecraft:vine":1,"minecraft:deepslate_iron_ore":30,"minecraft:stone":834,"minecraft:orange_bed":2,"minecraft:acacia_leaves":4,"minecraft:amethyst_cluster":1,"minecraft:stone_brick_slab":2,"minecraft:crafting_table":6,"minecraft:torch":5,"minecraft:short_grass":131,"minecraft:melon":17,"minecraft:cobblestone":17,"minecraft:tall_grass":37,"minecraft:sugar_cane":6,"minecraft:wall_torch":14,"minecraft:stone_brick_stairs":18,"minecraft:oak_log":15,"minecraft:coal_ore":69,"minecraft:gravel":14,"minecraft:dripstone_block":1,"minecraft:dirt":28,"minecraft:stone_bricks":5,"minecraft:deepslate":42,"minecraft:fern":6},"minecraft:used":{"minecraft:stone_sword":136,"minecraft:chest":4,"minecraft:shield":8,"minecraft:iron_sword":138,"minecraft:stone_hoe":11,"minecraft:iron_chestplate":1,"minecraft:orange_bed":2,"minecraft:torch":47,"minecraft:dirt":132,"minecraft:stone_brick_slab":14,"minecraft:jungle_log":2,"minecraft:iron_helmet":2,"minecraft:stone_brick_stairs":102,"minecraft:melon_seeds":11,"minecraft:stone_bricks":206,"minecraft:beef":2,"minecraft:hay_block":1,"minecraft:furnace":17,"minecraft:cooked_beef":3,"minecraft:cobbled_deepslate":21,"minecraft:cooked_mutton":12,"minecraft:water_bucket":25,"minecraft:cobblestone_stairs":11,"minecraft:stone_pickaxe":783,"minecraft:cartography_table":1,"minecraft:wooden_pickaxe":9,"minecraft:stonecutter":1,"minecraft:crafting_table":8,"minecraft:white_bed":5,"minecraft:stone_brick_wall":4,"minecraft:diamond_pickaxe":3,"minecraft:bread":15,"minecraft:iron_pickaxe":305,"minecraft:stone_axe":25,"minecraft:diamond_sword":1,"minecraft:cobblestone":61,"minecraft:cooked_porkchop":7,"minecraft:bucket":26},"minecraft:picked_up":{"minecraft:iron_chestplate":1,"minecraft:crafting_table":6,"minecraft:stone_brick_stairs":18,"minecraft:shield":1,"minecraft:string":13,"minecraft:cartography_table":1,"minecraft:cobbled_deepslate":44,"minecraft:beef":21,"minecraft:iron_pickaxe":1,"minecraft:melon_slice":139,"minecraft:sugar_cane":12,"minecraft:furnace":5,"minecraft:stick":2,"minecraft:raw_iron":59,"minecraft:torch":25,"minecraft:acacia_log":1,"minecraft:porkchop":16,"minecraft:pointed_dripstone":1,"minecraft:redstone":2,"minecraft:orange_bed":2,"minecraft:arrow":12,"minecraft:rotten_flesh":29,"minecraft:hay_block":14,"minecraft:mutton":15,"minecraft:cobblestone":896,"minecraft:white_wool":8,"minecraft:cooked_beef":16,"minecraft:water_bucket":1,"minecraft:jungle_log":11,"minecraft:leather":11,"minecraft:flint":2,"minecraft:tuff":9,"minecraft:oak_log":15,"minecraft:cobblestone_stairs":1,"minecraft:lapis_lazuli":13,"minecraft:dirt":200,"minecraft:cooked_mutton":3,"minecraft:bone":9,"minecraft:stone_bricks":5,"minecraft:bow":1,"minecraft:wheat_seeds":40,"minecraft:stone_hoe":1,"minecraft:iron_sword":1,"minecraft:cooked_porkchop":6,"minecraft:stone_brick_slab":2,"minecraft:dripstone_block":1,"minecraft:gravel":12,"minecraft:jungle_planks":14,"minecraft:amethyst_shard":4,"minecraft:white_bed":4,"minecraft:spider_eye":7,"minecraft:diamond":17,"minecraft:stone_axe":1,"minecraft:iron_helmet":1,"minecraft:gray_wool":1,"minecraft:coal":105},"minecraft:killed":{"minecraft:spider":15,"minecraft:skeleton":7,"minecraft:pig":8,"minecraft:zombie_villager":1,"minecraft:sheep":9,"minecraft:zombie":16,"minecraft:cow":10},"minecraft:broken":{"minecraft:stone_pickaxe":5,"minecraft:iron_pickaxe":1}},"DataVersion":3953}