{"stats":{"minecraft:killed":{"minecraft:skeleton":1,"minecraft:sheep":8,"minecraft:zombie":6,"minecraft:pig":8,"minecraft:spider":2,"minecraft:cow":10},"minecraft:dropped":{"minecraft:dirt":4,"minecraft:wheat_seeds":2,"minecraft:rotten_flesh":1,"minecraft:jungle_planks":14},"minecraft:custom":{"minecraft:time_since_rest":4677,"minecraft:interact_with_furnace":5,"minecraft:sprint_one_cm":92315,"minecraft:damage_taken":445,"minecraft:walk_one_cm":150498,"minecraft:mob_kills":36,"minecraft:drop":21,"minecraft:damage_dealt":4152,"minecraft:interact_with_crafting_table":13,"minecraft:fly_one_cm":135273,"minecraft:crouch_one_cm":1641,"minecraft:play_time":63545,"minecraft:sneak_time":638,"minecraft:jump":925,"minecraft:leave_game":8,"minecraft:time_since_death":63545,"minecraft:sleep_in_bed":7,"minecraft:climb_one_cm":737,"minecraft:total_world_time":63545,"minecraft:fall_one_cm":24151},"minecraft:crafted":{"minecraft:shield":1,"minecraft:crafting_table":2,"minecraft:stick":12,"minecraft:iron_pickaxe":1,"minecraft:iron_ingot":11,"minecraft:wooden_pickaxe":1,"minecraft:stone_pickaxe":1,"minecraft:iron_sword":1,"minecraft:stone_sword":1,"minecraft:furnace":1,"minecraft:white_bed":2,"minecraft:torch":8,"minecraft:stone_axe":1,"minecraft:air":0,"minecraft:jungle_planks":36,"minecraft:cooked_mutton":7},"minecraft:used":{"minecraft:cooked_mutton":7,"minecraft:stone_sword":136,"minecraft:stone_pickaxe":57,"minecraft:iron_pickaxe":7,"minecraft:jungle_log":2,"minecraft:wooden_pickaxe":9,"minecraft:iron_sword":15,"minecraft:stone_axe":3,"minecraft:dirt":28,"minecraft:cobblestone":10,"minecraft:beef":2,"minecraft:crafting_table":4,"minecraft:furnace":2,"minecraft:white_bed":3},"minecraft:mined":{"minecraft:white_bed":1,"minecraft:furnace":2,"minecraft:iron_ore":11,"minecraft:crafting_table":3,"minecraft:short_grass":73,"minecraft:grass_block":22,"minecraft:coal_ore":22,"minecraft:vine":1,"minecraft:jungle_log":11,"minecraft:dirt":8,"minecraft:tall_grass":31,"minecraft:cobblestone":4,"minecraft:stone":31,"minecraft:fern":5},"minecraft:picked_up":{"minecraft:raw_iron":11,"minecraft:crafting_table":3,"minecraft:jungle_log":11,"minecraft:leather":11,"minecraft:porkchop":16,"minecraft:jungle_planks":14,"minecraft:white_bed":1,"minecraft:string":2,"minecraft:spider_eye":2,"minecraft:dirt":33,"minecraft:arrow":2,"minecraft:bone":1,"minecraft:rotten_flesh":7,"minecraft:wheat_seeds":11,"minecraft:beef":21,"minecraft:gray_wool":1,"minecraft:mutton":14,"minecraft:coal":40,"minecraft:white_wool":7,"minecraft:cobblestone":35,"minecraft:furnace":2}},"DataVersion":3953}