{"stats":{"minecraft:custom":{"minecraft:time_since_rest":3927,"minecraft:interact_with_furnace":3,"minecraft:sprint_one_cm":65462,"minecraft:damage_taken":175,"minecraft:walk_one_cm":103495,"minecraft:mob_kills":27,"minecraft:drop":3,"minecraft:damage_dealt":2552,"minecraft:interact_with_crafting_table":10,"minecraft:fly_one_cm":106413,"minecraft:crouch_one_cm":298,"minecraft:play_time":37479,"minecraft:sneak_time":67,"minecraft:jump":613,"minecraft:leave_game":7,"minecraft:time_since_death":37479,"minecraft:sleep_in_bed":5,"minecraft:climb_one_cm":214,"minecraft:total_world_time":37479,"minecraft:fall_one_cm":19094},"minecraft:dropped":{"minecraft:wheat_seeds":2,"minecraft:rotten_flesh":1},"minecraft:crafted":{"minecraft:crafting_table":1,"minecraft:stick":8,"minecraft:wooden_pickaxe":1,"minecraft:stone_pickaxe":1,"minecraft:stone_sword":1,"minecraft:furnace":1,"minecraft:white_bed":2,"minecraft:cooked_mutton":7,"minecraft:jungle_planks":36},"minecraft:mined":{"minecraft:white_bed":1,"minecraft:furnace":1,"minecraft:crafting_table":2,"minecraft:short_grass":27,"minecraft:grass_block":14,"minecraft:coal_ore":8,"minecraft:vine":1,"minecraft:jungle_log":11,"minecraft:dirt":6,"minecraft:tall_grass":10,"minecraft:stone":25,"minecraft:fern":1},"minecraft:used":{"minecraft:cooked_mutton":3,"minecraft:stone_sword":67,"minecraft:stone_pickaxe":28,"minecraft:jungle_log":2,"minecraft:wooden_pickaxe":9,"minecraft:dirt":16,"minecraft:beef":2,"minecraft:crafting_table":3,"minecraft:furnace":1,"minecraft:white_bed":3},"minecraft:picked_up":{"minecraft:crafting_table":2,"minecraft:jungle_log":11,"minecraft:leather":11,"minecraft:porkchop":16,"minecraft:white_bed":1,"minecraft:dirt":20,"minecraft:rotten_flesh":2,"minecraft:wheat_seeds":3,"minecraft:beef":21,"minecraft:gray_wool":1,"minecraft:coal":8,"minecraft:mutton":12,"minecraft:white_wool":6,"minecraft:cobblestone":25,"minecraft:furnace":1},"minecraft:killed":{"minecraft:sheep":7,"minecraft:zombie":1,"minecraft:pig":8,"minecraft:cow":10}},"DataVersion":3953}