{"stats":{"minecraft:killed_by":{"minecraft:zombie":1},"minecraft:killed":{"minecraft:spider":15,"minecraft:skeleton":7,"minecraft:pig":8,"minecraft:zombie_villager":1,"minecraft:sheep":9,"minecraft:zombie":16,"minecraft:cow":10},"minecraft:picked_up":{"minecraft:wooden_axe":1,"minecraft:iron_chestplate":1,"minecraft:crafting_table":9,"minecraft:leather_leggings":3,"minecraft:wooden_pickaxe":3,"minecraft:stone_brick_stairs":18,"minecraft:shield":5,"minecraft:string":15,"minecraft:raw_copper":15,"minecraft:cartography_table":1,"minecraft:cobbled_deepslate":83,"minecraft:beef":21,"minecraft:iron_pickaxe":3,"minecraft:melon_slice":154,"minecraft:sugar_cane":12,"minecraft:furnace":6,"minecraft:stick":6,"minecraft:raw_iron":59,"minecraft:torch":208,"minecraft:acacia_log":1,"minecraft:porkchop":16,"minecraft:pointed_dripstone":1,"minecraft:redstone":2,"minecraft:orange_bed":3,"minecraft:rotten_flesh":29,"minecraft:stone_sword":4,"minecraft:arrow":12,"minecraft:hay_block":14,"minecraft:mutton":15,"minecraft:cobblestone":929,"minecraft:white_wool":8,"minecraft:cooked_beef":16,"minecraft:water_bucket":1,"minecraft:jungle_log":11,"minecraft:leather":11,"minecraft:flint":2,"minecraft:tuff":9,"minecraft:oak_log":19,"minecraft:cobblestone_stairs":1,"minecraft:lapis_lazuli":13,"minecraft:dirt":212,"minecraft:cooked_mutton":3,"minecraft:bone":18,"minecraft:acacia_planks":4,"minecraft:stone_bricks":5,"minecraft:bow":2,"minecraft:wheat_seeds":46,"minecraft:stone_pickaxe":4,"minecraft:iron_ingot":22,"minecraft:iron_sword":2,"minecraft:stone_hoe":2,"minecraft:oak_planks":102,"minecraft:cooked_porkchop":8,"minecraft:stone_brick_slab":7,"minecraft:dripstone_block":1,"minecraft:gravel":12,"minecraft:jungle_planks":14,"minecraft:amethyst_shard":4,"minecraft:white_bed":6,"minecraft:spider_eye":7,"minecraft:diamond":21,"minecraft:stone_axe":4,"minecraft:iron_helmet":1,"minecraft:gray_wool":1,"minecraft:melon_seeds":16,"minecraft:coal":238},"minecraft:mined":{"minecraft:tuff":9,"minecraft:white_bed":6,"minecraft:deepslate_diamond_ore":17,"minecraft:cobblestone_stairs":1,"minecraft:acacia_log":1,"minecraft:grass_block":126,"minecraft:jungle_log":11,"minecraft:cartography_table":1,"minecraft:hay_block":14,"minecraft:furnace":5,"minecraft:iron_ore":31,"minecraft:cobbled_deepslate":40,"minecraft:deepslate_lapis_ore":2,"minecraft:pointed_dripstone":1,"minecraft:dirt_path":1,"minecraft:deepslate_iron_ore":30,"minecraft:vine":1,"minecraft:stone":846,"minecraft:orange_bed":3,"minecraft:acacia_leaves":4,"minecraft:amethyst_cluster":1,"minecraft:stone_brick_slab":7,"minecraft:crafting_table":6,"minecraft:torch":5,"minecraft:short_grass":148,"minecraft:melon":20,"minecraft:tall_grass":39,"minecraft:copper_ore":5,"minecraft:cobblestone":32,"minecraft:oak_planks":2,"minecraft:sugar_cane":6,"minecraft:wall_torch":15,"minecraft:stone_brick_stairs":18,"minecraft:oak_log":15,"minecraft:coal_ore":69,"minecraft:gravel":14,"minecraft:dripstone_block":1,"minecraft:dirt":36,"minecraft:stone_bricks":5,"minecraft:fern":6,"minecraft:deepslate":42},"minecraft:crafted":{"minecraft:oak_planks":60,"minecraft:stone_brick_wall":4,"minecraft:spyglass":1,"minecraft:furnace":13,"minecraft:stone":320,"minecraft:cobblestone_stairs":10,"minecraft:cooked_mutton":12,"minecraft:stone_brick_slab":2,"minecraft:iron_boots":1,"minecraft:melon_seeds":17,"minecraft:stone_pickaxe":6,"minecraft:chest":5,"minecraft:stone_hoe":1,"minecraft:stone_bricks":316,"minecraft:wheat":117,"minecraft:cooked_beef":16,"minecraft:diamond_sword":1,"minecraft:cooked_porkchop":16,"minecraft:crafting_table":4,"minecraft:wooden_pickaxe":1,"minecraft:iron_helmet":1,"minecraft:iron_sword":1,"minecraft:copper_ingot":2,"minecraft:bucket":1,"minecraft:stone_axe":1,"minecraft:bread":39,"minecraft:air":0,"minecraft:jungle_planks":36,"minecraft:stone_brick_stairs":36,"minecraft:iron_chestplate":1,"minecraft:diamond_pickaxe":1,"minecraft:shield":1,"minecraft:stick":32,"minecraft:iron_ingot":55,"minecraft:iron_pickaxe":2,"minecraft:stone_sword":1,"minecraft:iron_leggings":1,"minecraft:stonecutter":1,"minecraft:white_bed":2,"minecraft:acacia_planks":4,"minecraft:torch":24,"minecraft:diamond_chestplate":1},"minecraft:broken":{"minecraft:stone_pickaxe":5,"minecraft:iron_pickaxe":1,"minecraft:iron_helmet":1},"minecraft:custom":{"minecraft:mob_kills":67,"minecraft:interact_with_crafting_table":45,"minecraft:open_barrel":1,"minecraft:leave_game":44,"minecraft:time_since_death":91351,"minecraft:climb_one_cm":3603,"minecraft:sprint_one_cm":480793,"minecraft:walk_one_cm":933111,"minecraft:damage_blocked_by_shield":265,"minecraft:drop":140,"minecraft:talked_to_villager":2,"minecraft:play_time":311379,"minecraft:deaths":1,"minecraft:sneak_time":3571,"minecraft:walk_under_water_one_cm":6241,"minecraft:jump":3352,"minecraft:walk_on_water_one_cm":16959,"minecraft:total_world_time":311379,"minecraft:interact_with_furnace":143,"minecraft:interact_with_cartography_table":1,"minecraft:interact_with_stonecutter":21,"minecraft:sleep_in_bed":23,"minecraft:time_since_rest":11375,"minecraft:damage_taken":3125,"minecraft:damage_dealt":14804,"minecraft:player_kills":27,"minecraft:swim_one_cm":5784,"minecraft:fly_one_cm":488214,"minecraft:open_chest":114,"minecraft:crouch_one_cm":7800,"minecraft:fall_one_cm":82871},"minecraft:dropped":{"minecraft:iron_ingot":12,"minecraft:wheat_seeds":26,"minecraft:cooked_beef":6,"minecraft:cooked_porkchop":5,"minecraft:jungle_planks":14,"minecraft:leather_helmet":1,"minecraft:coal":64,"minecraft:dirt":4,"minecraft:torch":119,"minecraft:iron_pickaxe":1,"minecraft:string":1,"minecraft:stone_axe":1,"minecraft:stone_sword":3,"minecraft:raw_iron":4,"minecraft:rotten_flesh":1,"minecraft:oak_planks":49,"minecraft:shield":3,"minecraft:leather_leggings":3,"minecraft:stone_pickaxe":2},"minecraft:used":{"minecraft:stone_sword":136,"minecraft:chest":5,"minecraft:shield":13,"minecraft:iron_sword":138,"minecraft:stone_hoe":14,"minecraft:iron_chestplate":2,"minecraft:orange_bed":3,"minecraft:torch":50,"minecraft:dirt":141,"minecraft:spyglass":48,"minecraft:stone_brick_slab":49,"minecraft:jungle_log":2,"minecraft:iron_helmet":2,"minecraft:melon_seeds":25,"minecraft:stone_brick_stairs":102,"minecraft:stone_bricks":206,"minecraft:beef":2,"minecraft:hay_block":1,"minecraft:furnace":17,"minecraft:cooked_beef":3,"minecraft:cobbled_deepslate":38,"minecraft:cooked_mutton":12,"minecraft:water_bucket":25,"minecraft:cobblestone_stairs":11,"minecraft:stone_pickaxe":783,"minecraft:cartography_table":1,"minecraft:oak_planks":2,"minecraft:wooden_pickaxe":9,"minecraft:stonecutter":1,"minecraft:crafting_table":8,"minecraft:white_bed":7,"minecraft:stone_brick_wall":4,"minecraft:diamond_pickaxe":80,"minecraft:bread":38,"minecraft:melon_slice":5,"minecraft:iron_pickaxe":305,"minecraft:stone_axe":27,"minecraft:diamond_sword":96,"minecraft:cobblestone":73,"minecraft:cooked_porkchop":7,"minecraft:bucket":26}},"DataVersion":3953}