{"stats":{"minecraft:custom":{"minecraft:interact_with_furnace":81,"minecraft:mob_kills":47,"minecraft:interact_with_cartography_table":1,"minecraft:interact_with_crafting_table":32,"minecraft:open_barrel":1,"minecraft:interact_with_stonecutter":13,"minecraft:leave_game":15,"minecraft:time_since_death":197108,"minecraft:sleep_in_bed":17,"minecraft:climb_one_cm":737,"minecraft:time_since_rest":8935,"minecraft:sprint_one_cm":314345,"minecraft:damage_taken":603,"minecraft:walk_one_cm":567948,"minecraft:damage_blocked_by_shield":60,"minecraft:drop":45,"minecraft:damage_dealt":5673,"minecraft:talked_to_villager":2,"minecraft:swim_one_cm":4817,"minecraft:fly_one_cm":367247,"minecraft:open_chest":43,"minecraft:crouch_one_cm":5761,"minecraft:play_time":197108,"minecraft:sneak_time":2365,"minecraft:walk_under_water_one_cm":2974,"minecraft:jump":2203,"minecraft:walk_on_water_one_cm":8829,"minecraft:total_world_time":197108,"minecraft:fall_one_cm":49354},"minecraft:dropped":{"minecraft:wheat_seeds":20,"minecraft:cooked_porkchop":4,"minecraft:rotten_flesh":1,"minecraft:jungle_planks":14,"minecraft:leather_helmet":1,"minecraft:dirt":4,"minecraft:leather_leggings":1},"minecraft:mined":{"minecraft:acacia_leaves":4,"minecraft:white_bed":4,"minecraft:stone_brick_slab":2,"minecraft:crafting_table":5,"minecraft:short_grass":108,"minecraft:grass_block":45,"minecraft:melon":11,"minecraft:jungle_log":11,"minecraft:cobblestone":10,"minecraft:tall_grass":35,"minecraft:cartography_table":1,"minecraft:sugar_cane":6,"minecraft:wall_torch":4,"minecraft:hay_block":13,"minecraft:furnace":4,"minecraft:iron_ore":25,"minecraft:stone_brick_stairs":18,"minecraft:dirt_path":1,"minecraft:oak_log":10,"minecraft:coal_ore":44,"minecraft:vine":1,"minecraft:gravel":10,"minecraft:dirt":21,"minecraft:stone_bricks":5,"minecraft:stone":782,"minecraft:orange_bed":2,"minecraft:fern":5},"minecraft:crafted":{"minecraft:cooked_beef":16,"minecraft:oak_planks":40,"minecraft:stone_brick_wall":4,"minecraft:cooked_porkchop":16,"minecraft:crafting_table":3,"minecraft:wooden_pickaxe":1,"minecraft:iron_helmet":1,"minecraft:iron_sword":1,"minecraft:furnace":12,"minecraft:stone":256,"minecraft:bucket":1,"minecraft:stone_axe":1,"minecraft:cooked_mutton":12,"minecraft:air":0,"minecraft:jungle_planks":36,"minecraft:stone_brick_stairs":36,"minecraft:stone_brick_slab":2,"minecraft:iron_chestplate":1,"minecraft:shield":1,"minecraft:melon_seeds":3,"minecraft:stick":20,"minecraft:iron_ingot":25,"minecraft:iron_pickaxe":1,"minecraft:stone_pickaxe":6,"minecraft:stone_sword":1,"minecraft:chest":4,"minecraft:stonecutter":1,"minecraft:white_bed":2,"minecraft:torch":8,"minecraft:stone_bricks":252},"minecraft:used":{"minecraft:cooked_mutton":8,"minecraft:water_bucket":6,"minecraft:stone_sword":136,"minecraft:stone_pickaxe":782,"minecraft:cartography_table":1,"minecraft:shield":2,"minecraft:chest":4,"minecraft:wooden_pickaxe":9,"minecraft:iron_sword":59,"minecraft:stonecutter":1,"minecraft:iron_chestplate":1,"minecraft:orange_bed":2,"minecraft:torch":16,"minecraft:dirt":66,"minecraft:crafting_table":7,"minecraft:white_bed":5,"minecraft:stone_brick_wall":4,"minecraft:stone_brick_slab":3,"minecraft:bread":2,"minecraft:iron_pickaxe":108,"minecraft:jungle_log":2,"minecraft:iron_helmet":1,"minecraft:stone_brick_stairs":102,"minecraft:stone_bricks":167,"minecraft:stone_axe":16,"minecraft:cobblestone":56,"minecraft:beef":2,"minecraft:furnace":16,"minecraft:cooked_porkchop":6,"minecraft:bucket":7},"minecraft:picked_up":{"minecraft:crafting_table":5,"minecraft:jungle_log":11,"minecraft:leather":11,"minecraft:flint":1,"minecraft:stone_brick_stairs":18,"minecraft:oak_log":10,"minecraft:dirt":70,"minecraft:string":2,"minecraft:bone":6,"minecraft:stone_bricks":5,"minecraft:bow":1,"minecraft:wheat_seeds":34,"minecraft:cartography_table":1,"minecraft:beef":21,"minecraft:melon_slice":63,"minecraft:sugar_cane":12,"minecraft:furnace":4,"minecraft:stick":2,"minecraft:raw_iron":25,"minecraft:stone_brick_slab":2,"minecraft:torch":8,"minecraft:gravel":9,"minecraft:porkchop":16,"minecraft:jungle_planks":14,"minecraft:white_bed":4,"minecraft:spider_eye":2,"minecraft:orange_bed":2,"minecraft:arrow":7,"minecraft:rotten_flesh":10,"minecraft:hay_block":13,"minecraft:gray_wool":1,"minecraft:mutton":15,"minecraft:coal":80,"minecraft:white_wool":8,"minecraft:cobblestone":786},"minecraft:killed":{"minecraft:pig":8,"minecraft:spider":4,"minecraft:sheep":9,"minecraft:skeleton":6,"minecraft:zombie":9,"minecraft:cow":10},"minecraft:broken":{"minecraft:stone_pickaxe":4}},"DataVersion":3953}