{"stats":{"minecraft:killed":{"minecraft:sheep":6,"minecraft:zombie":1,"minecraft:pig":7,"minecraft:cow":6},"minecraft:picked_up":{"minecraft:crafting_table":1,"minecraft:jungle_log":11,"minecraft:leather":8,"minecraft:porkchop":14,"minecraft:dirt":10,"minecraft:rotten_flesh":1,"minecraft:wheat_seeds":2,"minecraft:beef":12,"minecraft:gray_wool":1,"minecraft:mutton":9,"minecraft:white_wool":5,"minecraft:cobblestone":21},"minecraft:mined":{"minecraft:crafting_table":1,"minecraft:short_grass":18,"minecraft:grass_block":8,"minecraft:vine":1,"minecraft:jungle_log":11,"minecraft:dirt":2,"minecraft:tall_grass":5,"minecraft:stone":21},"minecraft:crafted":{"minecraft:crafting_table":1,"minecraft:stick":8,"minecraft:wooden_pickaxe":1,"minecraft:stone_pickaxe":1,"minecraft:stone_sword":1,"minecraft:furnace":1,"minecraft:white_bed":1,"minecraft:cooked_mutton":7,"minecraft:jungle_planks":36},"minecraft:custom":{"minecraft:time_since_rest":1454,"minecraft:interact_with_furnace":3,"minecraft:sprint_one_cm":31673,"minecraft:damage_taken":55,"minecraft:walk_one_cm":64521,"minecraft:mob_kills":20,"minecraft:drop":3,"minecraft:damage_dealt":1850,"minecraft:interact_with_crafting_table":9,"minecraft:fly_one_cm":53250,"minecraft:crouch_one_cm":125,"minecraft:play_time":18705,"minecraft:sneak_time":32,"minecraft:jump":329,"minecraft:leave_game":5,"minecraft:time_since_death":18705,"minecraft:sleep_in_bed":2,"minecraft:total_world_time":18705,"minecraft:fall_one_cm":10635},"minecraft:dropped":{"minecraft:wheat_seeds":2,"minecraft:rotten_flesh":1},"minecraft:used":{"minecraft:cooked_mutton":2,"minecraft:stone_sword":44,"minecraft:stone_pickaxe":13,"minecraft:jungle_log":2,"minecraft:wooden_pickaxe":9,"minecraft:dirt":10,"minecraft:beef":2,"minecraft:crafting_table":2,"minecraft:furnace":1,"minecraft:white_bed":1}},"DataVersion":3953}