{"stats":{"minecraft:killed":{"minecraft:sheep":7,"minecraft:zombie":5,"minecraft:pig":8,"minecraft:cow":10},"minecraft:dropped":{"minecraft:dirt":4,"minecraft:wheat_seeds":2,"minecraft:rotten_flesh":1,"minecraft:jungle_planks":14},"minecraft:custom":{"minecraft:time_since_rest":9718,"minecraft:interact_with_furnace":4,"minecraft:sprint_one_cm":82872,"minecraft:damage_taken":280,"minecraft:walk_one_cm":129994,"minecraft:mob_kills":31,"minecraft:drop":21,"minecraft:damage_dealt":3351,"minecraft:interact_with_crafting_table":10,"minecraft:fly_one_cm":123376,"minecraft:crouch_one_cm":1641,"minecraft:play_time":49135,"minecraft:sneak_time":606,"minecraft:jump":717,"minecraft:leave_game":7,"minecraft:time_since_death":49135,"minecraft:sleep_in_bed":6,"minecraft:climb_one_cm":737,"minecraft:total_world_time":49135,"minecraft:fall_one_cm":20924},"minecraft:crafted":{"minecraft:crafting_table":2,"minecraft:stick":8,"minecraft:wooden_pickaxe":1,"minecraft:stone_pickaxe":1,"minecraft:stone_sword":1,"minecraft:furnace":1,"minecraft:white_bed":2,"minecraft:torch":8,"minecraft:jungle_planks":36,"minecraft:cooked_mutton":7},"minecraft:used":{"minecraft:cooked_mutton":5,"minecraft:stone_sword":136,"minecraft:stone_pickaxe":57,"minecraft:jungle_log":2,"minecraft:wooden_pickaxe":9,"minecraft:dirt":20,"minecraft:beef":2,"minecraft:crafting_table":4,"minecraft:furnace":2,"minecraft:white_bed":3},"minecraft:mined":{"minecraft:white_bed":1,"minecraft:furnace":1,"minecraft:iron_ore":11,"minecraft:crafting_table":2,"minecraft:short_grass":72,"minecraft:grass_block":14,"minecraft:coal_ore":22,"minecraft:vine":1,"minecraft:jungle_log":11,"minecraft:dirt":6,"minecraft:tall_grass":30,"minecraft:stone":29,"minecraft:fern":5},"minecraft:picked_up":{"minecraft:raw_iron":11,"minecraft:crafting_table":2,"minecraft:jungle_log":11,"minecraft:leather":11,"minecraft:porkchop":16,"minecraft:jungle_planks":14,"minecraft:white_bed":1,"minecraft:dirt":24,"minecraft:rotten_flesh":6,"minecraft:wheat_seeds":11,"minecraft:beef":21,"minecraft:gray_wool":1,"minecraft:mutton":12,"minecraft:coal":22,"minecraft:white_wool":6,"minecraft:cobblestone":29,"minecraft:furnace":1}},"DataVersion":3953}