{"stats":{"minecraft:custom":{"minecraft:interact_with_furnace":104,"minecraft:mob_kills":48,"minecraft:interact_with_cartography_table":1,"minecraft:interact_with_crafting_table":35,"minecraft:open_barrel":1,"minecraft:interact_with_stonecutter":20,"minecraft:leave_game":38,"minecraft:time_since_death":16813,"minecraft:sleep_in_bed":20,"minecraft:climb_one_cm":2539,"minecraft:time_since_rest":3009,"minecraft:sprint_one_cm":373319,"minecraft:damage_taken":1089,"minecraft:walk_one_cm":682084,"minecraft:damage_blocked_by_shield":60,"minecraft:drop":45,"minecraft:damage_dealt":6003,"minecraft:swim_one_cm":4817,"minecraft:talked_to_villager":2,"minecraft:fly_one_cm":419520,"minecraft:open_chest":71,"minecraft:crouch_one_cm":6413,"minecraft:play_time":236841,"minecraft:deaths":1,"minecraft:sneak_time":3095,"minecraft:walk_under_water_one_cm":5703,"minecraft:jump":2566,"minecraft:walk_on_water_one_cm":14103,"minecraft:total_world_time":236841,"minecraft:fall_one_cm":59078},"minecraft:killed_by":{"minecraft:zombie":1},"minecraft:dropped":{"minecraft:wheat_seeds":20,"minecraft:cooked_porkchop":4,"minecraft:rotten_flesh":1,"minecraft:jungle_planks":14,"minecraft:leather_helmet":1,"minecraft:dirt":4,"minecraft:leather_leggings":1},"minecraft:mined":{"minecraft:acacia_leaves":4,"minecraft:white_bed":4,"minecraft:cobblestone_stairs":1,"minecraft:stone_brick_slab":2,"minecraft:crafting_table":5,"minecraft:short_grass":131,"minecraft:acacia_log":1,"minecraft:grass_block":124,"minecraft:melon":11,"minecraft:jungle_log":11,"minecraft:cobblestone":17,"minecraft:tall_grass":37,"minecraft:cartography_table":1,"minecraft:sugar_cane":6,"minecraft:wall_torch":8,"minecraft:hay_block":13,"minecraft:furnace":4,"minecraft:iron_ore":25,"minecraft:stone_brick_stairs":18,"minecraft:coal_ore":69,"minecraft:oak_log":15,"minecraft:dirt_path":1,"minecraft:vine":1,"minecraft:gravel":13,"minecraft:dirt":28,"minecraft:stone":822,"minecraft:stone_bricks":5,"minecraft:orange_bed":2,"minecraft:fern":6},"minecraft:crafted":{"minecraft:cooked_beef":16,"minecraft:oak_planks":40,"minecraft:stone_brick_wall":4,"minecraft:cooked_porkchop":16,"minecraft:crafting_table":3,"minecraft:iron_helmet":1,"minecraft:wooden_pickaxe":1,"minecraft:iron_sword":1,"minecraft:furnace":12,"minecraft:cobblestone_stairs":10,"minecraft:stone":292,"minecraft:bucket":1,"minecraft:stone_axe":1,"minecraft:cooked_mutton":12,"minecraft:air":0,"minecraft:jungle_planks":36,"minecraft:stone_brick_stairs":36,"minecraft:stone_brick_slab":2,"minecraft:iron_chestplate":1,"minecraft:shield":1,"minecraft:melon_seeds":17,"minecraft:stick":24,"minecraft:iron_ingot":25,"minecraft:iron_pickaxe":1,"minecraft:stone_pickaxe":6,"minecraft:stone_sword":1,"minecraft:chest":4,"minecraft:white_bed":2,"minecraft:stonecutter":1,"minecraft:acacia_planks":4,"minecraft:torch":16,"minecraft:stone_hoe":1,"minecraft:stone_bricks":288},"minecraft:used":{"minecraft:cooked_mutton":11,"minecraft:water_bucket":24,"minecraft:stone_sword":136,"minecraft:cobblestone_stairs":11,"minecraft:stone_pickaxe":783,"minecraft:cartography_table":1,"minecraft:shield":2,"minecraft:chest":4,"minecraft:wooden_pickaxe":9,"minecraft:iron_sword":66,"minecraft:stonecutter":1,"minecraft:stone_hoe":10,"minecraft:iron_chestplate":1,"minecraft:orange_bed":2,"minecraft:torch":24,"minecraft:dirt":132,"minecraft:crafting_table":7,"minecraft:white_bed":5,"minecraft:stone_brick_wall":4,"minecraft:stone_brick_slab":3,"minecraft:bread":2,"minecraft:iron_pickaxe":181,"minecraft:jungle_log":2,"minecraft:iron_helmet":2,"minecraft:stone_brick_stairs":102,"minecraft:melon_seeds":10,"minecraft:stone_bricks":203,"minecraft:stone_axe":23,"minecraft:cobblestone":61,"minecraft:beef":2,"minecraft:cooked_porkchop":7,"minecraft:furnace":16,"minecraft:bucket":24},"minecraft:picked_up":{"minecraft:iron_chestplate":1,"minecraft:crafting_table":5,"minecraft:cooked_beef":16,"minecraft:water_bucket":1,"minecraft:jungle_log":11,"minecraft:leather":11,"minecraft:flint":1,"minecraft:stone_brick_stairs":18,"minecraft:oak_log":15,"minecraft:shield":1,"minecraft:cobblestone_stairs":1,"minecraft:dirt":200,"minecraft:string":2,"minecraft:cooked_mutton":3,"minecraft:bone":8,"minecraft:stone_bricks":5,"minecraft:bow":1,"minecraft:wheat_seeds":39,"minecraft:cartography_table":1,"minecraft:beef":21,"minecraft:iron_pickaxe":1,"minecraft:melon_slice":109,"minecraft:sugar_cane":12,"minecraft:stone_hoe":1,"minecraft:iron_sword":1,"minecraft:furnace":4,"minecraft:stick":2,"minecraft:raw_iron":25,"minecraft:cooked_porkchop":6,"minecraft:stone_brick_slab":2,"minecraft:torch":13,"minecraft:acacia_log":1,"minecraft:gravel":12,"minecraft:porkchop":16,"minecraft:jungle_planks":14,"minecraft:white_bed":4,"minecraft:spider_eye":2,"minecraft:orange_bed":2,"minecraft:arrow":8,"minecraft:rotten_flesh":16,"minecraft:stone_axe":1,"minecraft:iron_helmet":1,"minecraft:hay_block":13,"minecraft:gray_wool":1,"minecraft:mutton":15,"minecraft:coal":105,"minecraft:white_wool":8,"minecraft:cobblestone":834},"minecraft:killed":{"minecraft:pig":8,"minecraft:spider":4,"minecraft:skeleton":7,"minecraft:sheep":9,"minecraft:zombie":9,"minecraft:cow":10},"minecraft:broken":{"minecraft:stone_pickaxe":5}},"DataVersion":3953}