{"stats":{"minecraft:killed":{"minecraft:pig":8,"minecraft:spider":4,"minecraft:skeleton":6,"minecraft:sheep":9,"minecraft:zombie":9,"minecraft:cow":10},"minecraft:picked_up":{"minecraft:crafting_table":5,"minecraft:jungle_log":11,"minecraft:leather":11,"minecraft:flint":1,"minecraft:stone_brick_stairs":18,"minecraft:oak_log":10,"minecraft:cobblestone_stairs":1,"minecraft:dirt":135,"minecraft:string":2,"minecraft:bone":6,"minecraft:stone_bricks":5,"minecraft:bow":1,"minecraft:wheat_seeds":36,"minecraft:cartography_table":1,"minecraft:beef":21,"minecraft:melon_slice":63,"minecraft:sugar_cane":12,"minecraft:furnace":4,"minecraft:stick":2,"minecraft:raw_iron":25,"minecraft:stone_brick_slab":2,"minecraft:torch":10,"minecraft:acacia_log":1,"minecraft:gravel":9,"minecraft:porkchop":16,"minecraft:jungle_planks":14,"minecraft:white_bed":4,"minecraft:spider_eye":2,"minecraft:orange_bed":2,"minecraft:arrow":7,"minecraft:rotten_flesh":12,"minecraft:hay_block":13,"minecraft:gray_wool":1,"minecraft:mutton":15,"minecraft:coal":80,"minecraft:white_wool":8,"minecraft:cobblestone":798},"minecraft:mined":{"minecraft:acacia_leaves":4,"minecraft:white_bed":4,"minecraft:cobblestone_stairs":1,"minecraft:stone_brick_slab":2,"minecraft:crafting_table":5,"minecraft:short_grass":114,"minecraft:acacia_log":1,"minecraft:grass_block":113,"minecraft:melon":11,"minecraft:jungle_log":11,"minecraft:cobblestone":17,"minecraft:tall_grass":35,"minecraft:cartography_table":1,"minecraft:sugar_cane":6,"minecraft:wall_torch":6,"minecraft:hay_block":13,"minecraft:furnace":4,"minecraft:iron_ore":25,"minecraft:stone_brick_stairs":18,"minecraft:coal_ore":44,"minecraft:oak_log":10,"minecraft:dirt_path":1,"minecraft:vine":1,"minecraft:gravel":10,"minecraft:dirt":28,"minecraft:stone":787,"minecraft:stone_bricks":5,"minecraft:orange_bed":2,"minecraft:fern":5},"minecraft:crafted":{"minecraft:cooked_beef":16,"minecraft:oak_planks":40,"minecraft:stone_brick_wall":4,"minecraft:cooked_porkchop":16,"minecraft:crafting_table":3,"minecraft:iron_helmet":1,"minecraft:wooden_pickaxe":1,"minecraft:iron_sword":1,"minecraft:furnace":12,"minecraft:cobblestone_stairs":10,"minecraft:stone":256,"minecraft:bucket":1,"minecraft:stone_axe":1,"minecraft:cooked_mutton":12,"minecraft:air":0,"minecraft:jungle_planks":36,"minecraft:stone_brick_stairs":36,"minecraft:stone_brick_slab":2,"minecraft:iron_chestplate":1,"minecraft:shield":1,"minecraft:melon_seeds":17,"minecraft:stick":24,"minecraft:iron_ingot":25,"minecraft:iron_pickaxe":1,"minecraft:stone_pickaxe":6,"minecraft:stone_sword":1,"minecraft:chest":4,"minecraft:white_bed":2,"minecraft:stonecutter":1,"minecraft:acacia_planks":4,"minecraft:torch":8,"minecraft:stone_hoe":1,"minecraft:stone_bricks":252},"minecraft:broken":{"minecraft:stone_pickaxe":5},"minecraft:custom":{"minecraft:interact_with_furnace":81,"minecraft:mob_kills":47,"minecraft:interact_with_cartography_table":1,"minecraft:interact_with_crafting_table":33,"minecraft:open_barrel":1,"minecraft:interact_with_stonecutter":20,"minecraft:leave_game":37,"minecraft:time_since_death":219356,"minecraft:sleep_in_bed":18,"minecraft:climb_one_cm":737,"minecraft:time_since_rest":13784,"minecraft:sprint_one_cm":332104,"minecraft:damage_taken":603,"minecraft:walk_one_cm":622847,"minecraft:damage_blocked_by_shield":60,"minecraft:drop":45,"minecraft:damage_dealt":5673,"minecraft:swim_one_cm":4817,"minecraft:talked_to_villager":2,"minecraft:fly_one_cm":380303,"minecraft:open_chest":65,"minecraft:crouch_one_cm":5814,"minecraft:play_time":219356,"minecraft:sneak_time":2439,"minecraft:walk_under_water_one_cm":2974,"minecraft:jump":2304,"minecraft:walk_on_water_one_cm":13727,"minecraft:total_world_time":219356,"minecraft:fall_one_cm":50879},"minecraft:dropped":{"minecraft:wheat_seeds":20,"minecraft:cooked_porkchop":4,"minecraft:rotten_flesh":1,"minecraft:jungle_planks":14,"minecraft:leather_helmet":1,"minecraft:dirt":4,"minecraft:leather_leggings":1},"minecraft:used":{"minecraft:cooked_mutton":9,"minecraft:water_bucket":12,"minecraft:stone_sword":136,"minecraft:cobblestone_stairs":11,"minecraft:stone_pickaxe":783,"minecraft:cartography_table":1,"minecraft:shield":2,"minecraft:chest":4,"minecraft:wooden_pickaxe":9,"minecraft:iron_sword":59,"minecraft:stonecutter":1,"minecraft:stone_hoe":10,"minecraft:iron_chestplate":1,"minecraft:orange_bed":2,"minecraft:torch":18,"minecraft:dirt":92,"minecraft:crafting_table":7,"minecraft:white_bed":5,"minecraft:stone_brick_wall":4,"minecraft:stone_brick_slab":3,"minecraft:bread":2,"minecraft:iron_pickaxe":120,"minecraft:jungle_log":2,"minecraft:iron_helmet":1,"minecraft:stone_brick_stairs":102,"minecraft:melon_seeds":10,"minecraft:stone_bricks":167,"minecraft:stone_axe":17,"minecraft:cobblestone":61,"minecraft:beef":2,"minecraft:cooked_porkchop":6,"minecraft:furnace":16,"minecraft:bucket":13}},"DataVersion":3953}