{"stats":{"minecraft:custom":{"minecraft:interact_with_furnace":70,"minecraft:mob_kills":46,"minecraft:interact_with_crafting_table":29,"minecraft:interact_with_stonecutter":12,"minecraft:leave_game":10,"minecraft:time_since_death":148732,"minecraft:sleep_in_bed":14,"minecraft:climb_one_cm":737,"minecraft:time_since_rest":121,"minecraft:sprint_one_cm":181101,"minecraft:damage_taken":583,"minecraft:walk_one_cm":427522,"minecraft:damage_blocked_by_shield":60,"minecraft:drop":25,"minecraft:damage_dealt":5593,"minecraft:fly_one_cm":221386,"minecraft:open_chest":21,"minecraft:crouch_one_cm":5275,"minecraft:play_time":148732,"minecraft:sneak_time":2182,"minecraft:walk_under_water_one_cm":598,"minecraft:jump":1481,"minecraft:walk_on_water_one_cm":1422,"minecraft:total_world_time":148732,"minecraft:fall_one_cm":37076},"minecraft:dropped":{"minecraft:wheat_seeds":2,"minecraft:cooked_porkchop":4,"minecraft:rotten_flesh":1,"minecraft:jungle_planks":14,"minecraft:dirt":4},"minecraft:crafted":{"minecraft:oak_planks":40,"minecraft:stone_brick_wall":4,"minecraft:cooked_porkchop":16,"minecraft:crafting_table":3,"minecraft:wooden_pickaxe":1,"minecraft:iron_helmet":1,"minecraft:iron_sword":1,"minecraft:furnace":12,"minecraft:stone":256,"minecraft:bucket":1,"minecraft:stone_axe":1,"minecraft:cooked_mutton":7,"minecraft:air":0,"minecraft:jungle_planks":36,"minecraft:stone_brick_stairs":36,"minecraft:stone_brick_slab":2,"minecraft:iron_chestplate":1,"minecraft:shield":1,"minecraft:stick":20,"minecraft:iron_ingot":25,"minecraft:iron_pickaxe":1,"minecraft:stone_pickaxe":5,"minecraft:stone_sword":1,"minecraft:chest":4,"minecraft:stonecutter":1,"minecraft:white_bed":2,"minecraft:torch":8,"minecraft:stone_bricks":252},"minecraft:mined":{"minecraft:white_bed":3,"minecraft:stone_brick_slab":2,"minecraft:crafting_table":5,"minecraft:short_grass":73,"minecraft:grass_block":39,"minecraft:jungle_log":11,"minecraft:cobblestone":9,"minecraft:tall_grass":31,"minecraft:wall_torch":3,"minecraft:furnace":4,"minecraft:iron_ore":25,"minecraft:stone_brick_stairs":18,"minecraft:oak_log":10,"minecraft:coal_ore":44,"minecraft:vine":1,"minecraft:dirt":17,"minecraft:stone_bricks":5,"minecraft:stone":618,"minecraft:fern":5},"minecraft:used":{"minecraft:cooked_mutton":7,"minecraft:water_bucket":4,"minecraft:stone_sword":136,"minecraft:stone_pickaxe":652,"minecraft:chest":4,"minecraft:shield":2,"minecraft:wooden_pickaxe":9,"minecraft:iron_sword":47,"minecraft:stonecutter":1,"minecraft:iron_chestplate":1,"minecraft:torch":15,"minecraft:dirt":53,"minecraft:crafting_table":7,"minecraft:white_bed":5,"minecraft:stone_brick_wall":4,"minecraft:stone_brick_slab":3,"minecraft:iron_pickaxe":71,"minecraft:jungle_log":2,"minecraft:iron_helmet":1,"minecraft:stone_brick_stairs":102,"minecraft:stone_bricks":167,"minecraft:stone_axe":15,"minecraft:cobblestone":16,"minecraft:beef":2,"minecraft:furnace":16,"minecraft:cooked_porkchop":5,"minecraft:bucket":4},"minecraft:picked_up":{"minecraft:crafting_table":5,"minecraft:jungle_log":11,"minecraft:leather":11,"minecraft:stone_brick_stairs":18,"minecraft:oak_log":10,"minecraft:dirt":59,"minecraft:string":2,"minecraft:bone":6,"minecraft:stone_bricks":5,"minecraft:bow":1,"minecraft:wheat_seeds":11,"minecraft:beef":21,"minecraft:furnace":4,"minecraft:raw_iron":25,"minecraft:stone_brick_slab":2,"minecraft:torch":7,"minecraft:porkchop":16,"minecraft:jungle_planks":14,"minecraft:white_bed":3,"minecraft:spider_eye":2,"minecraft:arrow":7,"minecraft:rotten_flesh":10,"minecraft:gray_wool":1,"minecraft:mutton":14,"minecraft:coal":80,"minecraft:white_wool":7,"minecraft:cobblestone":621},"minecraft:killed":{"minecraft:pig":8,"minecraft:spider":4,"minecraft:sheep":8,"minecraft:skeleton":6,"minecraft:zombie":9,"minecraft:cow":10},"minecraft:broken":{"minecraft:stone_pickaxe":4}},"DataVersion":3953}