{"stats":{"minecraft:dropped":{"minecraft:wooden_pickaxe":1},"minecraft:picked_up":{"minecraft:stick":2,"minecraft:crafting_table":2,"minecraft:chicken":1,"minecraft:wheat_seeds":3,"minecraft:oak_log":15,"minecraft:mutton":1,"minecraft:white_wool":1,"minecraft:dirt":12,"minecraft:cobblestone":61},"minecraft:mined":{"minecraft:short_grass":34,"minecraft:grass_block":3,"minecraft:oak_log":15,"minecraft:dirt":9,"minecraft:tall_grass":1,"minecraft:stone":61,"minecraft:oak_leaves":6,"minecraft:crafting_table":2},"minecraft:used":{"minecraft:stone_axe":10,"minecraft:stone_sword":33,"minecraft:crafting_table":2,"minecraft:stone_pickaxe":16,"minecraft:wooden_pickaxe":47},"minecraft:crafted":{"minecraft:stone_sword":1,"minecraft:oak_planks":52,"minecraft:stone_axe":1,"minecraft:crafting_table":1,"minecraft:stick":8,"minecraft:wooden_pickaxe":1,"minecraft:stone_pickaxe":1},"minecraft:killed":{"minecraft:sheep":1,"minecraft:chicken":1},"minecraft:custom":{"minecraft:time_since_rest":25895,"minecraft:sprint_one_cm":3617,"minecraft:play_time":25895,"minecraft:damage_taken":60,"minecraft:walk_one_cm":124426,"minecraft:mob_kills":2,"minecraft:drop":1,"minecraft:jump":193,"minecraft:damage_dealt":121,"minecraft:leave_game":5,"minecraft:walk_on_water_one_cm":462,"minecraft:time_since_death":25895,"minecraft:total_world_time":25895,"minecraft:interact_with_crafting_table":2,"minecraft:fall_one_cm":2436,"minecraft:fly_one_cm":2733}},"DataVersion":3953}