{"stats":{"minecraft:picked_up":{"minecraft:crafting_table":8,"minecraft:andesite":6,"minecraft:leather":12,"minecraft:gold_block":1,"minecraft:flint":4,"minecraft:tuff":22,"minecraft:oak_log":29,"minecraft:dirt":24,"minecraft:cooked_mutton":5,"minecraft:bone":2,"minecraft:wheat_seeds":3,"minecraft:cobbled_deepslate":256,"minecraft:beef":27,"minecraft:iron_pickaxe":1,"minecraft:iron_sword":1,"minecraft:oak_planks":35,"minecraft:furnace":5,"minecraft:stick":2,"minecraft:raw_iron":32,"minecraft:cooked_porkchop":24,"minecraft:torch":1,"minecraft:dripstone_block":1,"minecraft:gravel":22,"minecraft:porkchop":38,"minecraft:diorite":6,"minecraft:white_bed":7,"minecraft:rotten_flesh":1,"minecraft:arrow":2,"minecraft:diamond":84,"minecraft:granite":3,"minecraft:saddle":2,"minecraft:oak_sapling":6,"minecraft:obsidian":1,"minecraft:black_wool":2,"minecraft:mutton":10,"minecraft:coal":149,"minecraft:white_wool":7,"minecraft:cobblestone":180},"minecraft:dropped":{"minecraft:gravel":1,"minecraft:cooked_beef":10,"minecraft:tuff":22,"minecraft:cobblestone":68,"minecraft:rotten_flesh":1,"minecraft:saddle":2,"minecraft:flint":2,"minecraft:dirt":13,"minecraft:diorite":6,"minecraft:oak_sapling":3},"minecraft:broken":{"minecraft:stone_axe":1,"minecraft:iron_pickaxe":1,"minecraft:flint_and_steel":1},"minecraft:mined":{"minecraft:deepslate_redstone_ore":3,"minecraft:tuff":22,"minecraft:white_bed":7,"minecraft:deepslate_diamond_ore":80,"minecraft:crafting_table":7,"minecraft:torch":1,"minecraft:granite":3,"minecraft:short_grass":32,"minecraft:grass_block":4,"minecraft:tall_grass":11,"minecraft:cobblestone":2,"minecraft:oak_planks":35,"minecraft:diorite":11,"minecraft:furnace":5,"minecraft:birch_log":1,"minecraft:iron_ore":20,"minecraft:fire":13,"minecraft:ice":3,"minecraft:birch_leaves":6,"minecraft:andesite":6,"minecraft:gold_block":1,"minecraft:coal_ore":63,"minecraft:oak_log":30,"minecraft:deepslate_iron_ore":13,"minecraft:dirt_path":2,"minecraft:gravel":21,"minecraft:dripstone_block":1,"minecraft:dirt":21,"minecraft:stone":114,"minecraft:oak_leaves":15,"minecraft:deepslate":368},"minecraft:crafted":{"minecraft:cooked_beef":23,"minecraft:oak_planks":116,"minecraft:cooked_porkchop":38,"minecraft:crafting_table":3,"minecraft:wooden_pickaxe":1,"minecraft:furnace":1,"minecraft:bone_meal":6,"minecraft:stone_axe":2,"minecraft:cooked_mutton":5,"minecraft:air":0,"minecraft:diamond_pickaxe":1,"minecraft:shield":1,"minecraft:stick":28,"minecraft:iron_ingot":21,"minecraft:leather_chestplate":1,"minecraft:iron_pickaxe":1,"minecraft:stone_pickaxe":1,"minecraft:wooden_axe":1,"minecraft:gold_ingot":10,"minecraft:white_bed":1,"minecraft:torch":56},"minecraft:killed":{"minecraft:pig":30,"minecraft:horse":1,"minecraft:skeleton":1,"minecraft:sheep":8,"minecraft:zombie":1,"minecraft:cow":12},"minecraft:used":{"minecraft:flint_and_steel":64,"minecraft:stone_pickaxe":51,"minecraft:oak_planks":100,"minecraft:leather_chestplate":1,"minecraft:wooden_pickaxe":3,"minecraft:iron_sword":92,"minecraft:torch":16,"minecraft:dirt":10,"minecraft:mutton":5,"minecraft:crafting_table":10,"minecraft:white_bed":8,"minecraft:obsidian":1,"minecraft:wooden_axe":10,"minecraft:diamond_pickaxe":475,"minecraft:black_wool":2,"minecraft:iron_pickaxe":201,"minecraft:gravel":11,"minecraft:stone_axe":146,"minecraft:cobblestone":32,"minecraft:furnace":4,"minecraft:oak_sapling":3,"minecraft:cooked_porkchop":11,"minecraft:cooked_beef":9,"minecraft:bone_meal":6},"minecraft:custom":{"minecraft:interact_with_furnace":29,"minecraft:mob_kills":58,"minecraft:interact_with_cartography_table":1,"minecraft:interact_with_crafting_table":16,"minecraft:leave_game":6,"minecraft:time_since_death":143725,"minecraft:sleep_in_bed":7,"minecraft:time_since_rest":27277,"minecraft:sprint_one_cm":132673,"minecraft:damage_taken":1746,"minecraft:walk_one_cm":217359,"minecraft:drop":22,"minecraft:damage_dealt":5409,"minecraft:swim_one_cm":5569,"minecraft:fly_one_cm":350844,"minecraft:open_chest":9,"minecraft:crouch_one_cm":2002,"minecraft:play_time":143725,"minecraft:sneak_time":1143,"minecraft:walk_under_water_one_cm":1399,"minecraft:jump":2129,"minecraft:walk_on_water_one_cm":4508,"minecraft:total_world_time":143725,"minecraft:fall_one_cm":77745,"minecraft:horse_one_cm":213334}},"DataVersion":3953}