{"stats":{"minecraft:dropped":{"minecraft:iron_sword":1,"minecraft:porkchop":4,"minecraft:birch_planks":5,"minecraft:wheat_seeds":4,"minecraft:diamond":5,"minecraft:rail":1,"minecraft:stick":5,"minecraft:melon_slice":1,"minecraft:sugar":1,"minecraft:iron_pickaxe":1,"minecraft:string":11,"minecraft:stone_sword":1,"minecraft:tuff":2,"minecraft:birch_sapling":2,"minecraft:rotten_flesh":10,"minecraft:oak_planks":1,"minecraft:oak_sapling":2,"minecraft:chest":1,"minecraft:spider_eye":1,"minecraft:bow":1,"minecraft:stone_pickaxe":1,"minecraft:wooden_pickaxe":1},"minecraft:picked_up":{"minecraft:cocoa_beans":5,"minecraft:crafting_table":7,"minecraft:string":19,"minecraft:cobbled_deepslate":91,"minecraft:beef":9,"minecraft:oak_boat":5,"minecraft:jungle_sapling":2,"minecraft:melon_slice":59,"minecraft:sugar_cane":58,"minecraft:birch_sapling":3,"minecraft:furnace":3,"minecraft:stick":1,"minecraft:raw_iron":49,"minecraft:torch":7,"minecraft:porkchop":29,"minecraft:pointed_dripstone":15,"minecraft:arrow":17,"minecraft:rotten_flesh":10,"minecraft:saddle":2,"minecraft:mutton":6,"minecraft:rail":1,"minecraft:white_wool":3,"minecraft:cobblestone":32,"minecraft:birch_log":6,"minecraft:cooked_beef":10,"minecraft:andesite":3,"minecraft:jungle_log":11,"minecraft:leather":8,"minecraft:tuff":2,"minecraft:oak_log":5,"minecraft:lapis_lazuli":38,"minecraft:dirt":2,"minecraft:bone":16,"minecraft:bow":1,"minecraft:wheat_seeds":4,"minecraft:raw_gold":7,"minecraft:iron_ingot":1,"minecraft:bamboo":38,"minecraft:oak_planks":5,"minecraft:cooked_porkchop":1,"minecraft:pumpkin":20,"minecraft:dripstone_block":22,"minecraft:blast_furnace":1,"minecraft:white_bed":9,"minecraft:spider_eye":1,"minecraft:sugar":2,"minecraft:diamond":48,"minecraft:oak_sapling":2,"minecraft:mangrove_propagule":4,"minecraft:coal":78},"minecraft:mined":{"minecraft:tuff":8,"minecraft:white_bed":9,"minecraft:deepslate_diamond_ore":48,"minecraft:jungle_leaves":57,"minecraft:mangrove_roots":2,"minecraft:obsidian":1,"minecraft:glow_lichen":2,"minecraft:grass_block":17,"minecraft:jungle_log":11,"minecraft:mangrove_propagule":5,"minecraft:furnace":3,"minecraft:cobbled_deepslate":8,"minecraft:iron_ore":24,"minecraft:fire":10,"minecraft:andesite":4,"minecraft:pumpkin":20,"minecraft:deepslate_lapis_ore":6,"minecraft:pointed_dripstone":1,"minecraft:vine":2,"minecraft:deepslate_iron_ore":20,"minecraft:bamboo":3,"minecraft:stone":26,"minecraft:crafting_table":8,"minecraft:torch":4,"minecraft:short_grass":51,"minecraft:blast_furnace":1,"minecraft:melon":12,"minecraft:cobblestone":6,"minecraft:tall_grass":2,"minecraft:deepslate_gold_ore":7,"minecraft:sugar_cane":22,"minecraft:oak_planks":2,"minecraft:wall_torch":2,"minecraft:birch_log":6,"minecraft:white_carpet":1,"minecraft:birch_leaves":12,"minecraft:coal_ore":34,"minecraft:oak_log":4,"minecraft:cocoa":3,"minecraft:dirt":4,"minecraft:dripstone_block":23,"minecraft:cobweb":2,"minecraft:netherrack":1,"minecraft:oak_leaves":75,"minecraft:deepslate":88,"minecraft:fern":1},"minecraft:used":{"minecraft:stone_sword":54,"minecraft:shield":49,"minecraft:iron_sword":110,"minecraft:iron_chestplate":1,"minecraft:torch":20,"minecraft:dirt":2,"minecraft:birch_sapling":1,"minecraft:furnace":4,"minecraft:cooked_beef":10,"minecraft:cobbled_deepslate":14,"minecraft:stone_pickaxe":107,"minecraft:wooden_pickaxe":38,"minecraft:crafting_table":8,"minecraft:white_bed":9,"minecraft:dripstone_block":4,"minecraft:diamond_pickaxe":15,"minecraft:bread":5,"minecraft:iron_pickaxe":163,"minecraft:stone_axe":86,"minecraft:diamond_sword":72,"minecraft:cobblestone":12,"minecraft:cooked_porkchop":14,"minecraft:oak_boat":5},"minecraft:crafted":{"minecraft:oak_planks":20,"minecraft:furnace":1,"minecraft:iron_boots":1,"minecraft:stone_pickaxe":1,"minecraft:chest":1,"minecraft:cooked_beef":13,"minecraft:diamond_sword":1,"minecraft:cooked_porkchop":13,"minecraft:crafting_table":2,"minecraft:wooden_pickaxe":1,"minecraft:iron_helmet":1,"minecraft:iron_sword":1,"minecraft:birch_planks":24,"minecraft:stone_axe":1,"minecraft:air":0,"minecraft:oak_boat":1,"minecraft:iron_chestplate":1,"minecraft:diamond_pickaxe":1,"minecraft:shield":1,"minecraft:stick":20,"minecraft:iron_ingot":32,"minecraft:iron_pickaxe":1,"minecraft:stone_sword":1,"minecraft:iron_leggings":1,"minecraft:white_bed":1,"minecraft:torch":12},"minecraft:killed":{"minecraft:witch":1,"minecraft:spider":5,"minecraft:horse":4,"minecraft:skeleton":17,"minecraft:pig":8,"minecraft:zombie_villager":1,"minecraft:sheep":4,"minecraft:zombie":15,"minecraft:enderman":1,"minecraft:cow":4},"minecraft:custom":{"minecraft:mob_kills":61,"minecraft:interact_with_crafting_table":16,"minecraft:leave_game":27,"minecraft:time_since_death":179442,"minecraft:climb_one_cm":4752,"minecraft:sprint_one_cm":377523,"minecraft:walk_one_cm":425154,"minecraft:damage_blocked_by_shield":1493,"minecraft:drop":29,"minecraft:talked_to_villager":2,"minecraft:play_time":179442,"minecraft:sneak_time":2069,"minecraft:walk_under_water_one_cm":9372,"minecraft:boat_one_cm":158793,"minecraft:jump":2180,"minecraft:walk_on_water_one_cm":20597,"minecraft:total_world_time":179442,"minecraft:interact_with_furnace":68,"minecraft:sleep_in_bed":6,"minecraft:time_since_rest":9733,"minecraft:damage_taken":1622,"minecraft:damage_dealt":10618,"minecraft:fly_one_cm":388286,"minecraft:swim_one_cm":7999,"minecraft:open_chest":5,"minecraft:crouch_one_cm":4079,"minecraft:fall_one_cm":53115,"minecraft:horse_one_cm":2263017}},"DataVersion":3953}