{"stats":{"minecraft:crafted":{"minecraft:crafting_table":1,"minecraft:stick":16,"minecraft:wooden_pickaxe":1,"minecraft:stone_pickaxe":1,"minecraft:furnace":1,"minecraft:birch_planks":24,"minecraft:stone_axe":1,"minecraft:smoker":1},"minecraft:picked_up":{"minecraft:birch_log":6,"minecraft:crafting_table":3,"minecraft:porkchop":25,"minecraft:oak_log":8,"minecraft:gunpowder":2,"minecraft:dirt":17,"minecraft:wheat_seeds":1,"minecraft:oak_sapling":6,"minecraft:mutton":4,"minecraft:coal":2,"minecraft:white_wool":3,"minecraft:cobblestone":37,"minecraft:furnace":1},"minecraft:custom":{"minecraft:time_since_rest":100,"minecraft:interact_with_furnace":1,"minecraft:sprint_one_cm":77291,"minecraft:damage_taken":395,"minecraft:walk_one_cm":47900,"minecraft:mob_kills":19,"minecraft:damage_dealt":2184,"minecraft:interact_with_crafting_table":6,"minecraft:fly_one_cm":51563,"minecraft:crouch_one_cm":3166,"minecraft:play_time":72451,"minecraft:deaths":1,"minecraft:sneak_time":947,"minecraft:walk_under_water_one_cm":634,"minecraft:jump":267,"minecraft:leave_game":2,"minecraft:walk_on_water_one_cm":636,"minecraft:time_since_death":61,"minecraft:interact_with_smoker":2,"minecraft:total_world_time":72451,"minecraft:fall_one_cm":4683},"minecraft:killed_by":{"minecraft:zombie":1},"minecraft:mined":{"minecraft:furnace":1,"minecraft:birch_log":5,"minecraft:crafting_table":3,"minecraft:short_grass":4,"minecraft:coal_ore":2,"minecraft:grass_block":3,"minecraft:oak_log":8,"minecraft:dirt":14,"minecraft:stone":37,"minecraft:oak_leaves":12},"minecraft:used":{"minecraft:stone_pickaxe":30,"minecraft:wooden_pickaxe":15,"minecraft:stone_axe":32,"minecraft:dirt":17,"minecraft:mutton":4,"minecraft:crafting_table":2,"minecraft:furnace":1,"minecraft:porkchop":8,"minecraft:smoker":1},"minecraft:killed":{"minecraft:sheep":5,"minecraft:pig":12,"minecraft:zombie":1,"minecraft:creeper":1}},"DataVersion":3953}